,di_name,tri_name,di_smiles,tri_smiles,turbidity_label,turbidity,turbidity_binary,di_charge,di_complexity,di_covalent_unit_count,di_defined_atom_stereo_count,di_defined_bond_stereo_count,di_exact_mass,di_h_bond_acceptor_count,di_h_bond_donor_count,di_heavy_atom_count,di_xlogp,di_molecular_weight,di_rotatable_bond_count,di_tpsa,tri_charge,tri_complexity,tri_covalent_unit_count,tri_defined_atom_stereo_count,tri_defined_bond_stereo_count,tri_exact_mass,tri_h_bond_acceptor_count,tri_h_bond_donor_count,tri_heavy_atom_count,tri_xlogp,tri_molecular_weight,tri_rotatable_bond_count,tri_tpsa,di_arom_group,tri_arom_group
0,Di1,TriA,O=Cc1cccc(C=O)c1,Nc1nc(N)nc(N)n1,turbid,89.38973067,0,0,117.0,1,0,0,134.03677943,2,0,10,1.2,134.13,2,34.1,0.0,63.3,1.0,0.0,0.0,126.06539422,6.0,3.0,9.0,-1.4,126.12,0.0,117.0,1,1
1,Di2,TriA,CC(C)(C)c1cc(C=O)c(O)c(C=O)c1,Nc1nc(N)nc(N)n1,turbid,95.42376422,0,0,224.0,1,0,0,206.094294304,3,1,15,2.7,206.24,3,54.4,0.0,63.3,1.0,0.0,0.0,126.06539422,6.0,3.0,9.0,-1.4,126.12,0.0,117.0,1,1
2,Di3,TriA,O=Cc1cc2sc(C=O)cc2s1,Nc1nc(N)nc(N)n1,turbid,85.6081877,0,0,185.0,1,0,0,195.96527171,4,0,12,2.3,196.3,2,90.6,0.0,63.3,1.0,0.0,0.0,126.06539422,6.0,3.0,9.0,-1.4,126.12,0.0,117.0,2,1
3,Di4,TriA,O=Cc1ccc(C=O)cc1,Nc1nc(N)nc(N)n1,turbid,100.8858135,0,0,107.0,1,0,0,134.03677943,2,0,10,0.9,134.13,2,34.1,0.0,63.3,1.0,0.0,0.0,126.06539422,6.0,3.0,9.0,-1.4,126.12,0.0,117.0,1,1
4,Di5,TriA,O=Cc1c(F)c(F)c(C=O)c(F)c1F,Nc1nc(N)nc(N)n1,turbid,104.259992,0,0,195.0,1,0,0,205.99909195,6,0,14,1.2,206.09,2,34.1,0.0,63.3,1.0,0.0,0.0,126.06539422,6.0,3.0,9.0,-1.4,126.12,0.0,117.0,1,1
5,Di6,TriA,O=Cc1ccc(-c2ccc(C=O)cc2)cc1,Nc1nc(N)nc(N)n1,turbid,74.23966381,0,0,207.0,1,0,0,210.068079557,2,0,16,3.3,210.23,3,34.1,0.0,63.3,1.0,0.0,0.0,126.06539422,6.0,3.0,9.0,-1.4,126.12,0.0,117.0,2,1
6,Di7,TriA,O=Cc1c2ccccc2c(C=O)c2ccccc12,Nc1nc(N)nc(N)n1,turbid,79.86386215,0,0,269.0,1,0,0,234.068079557,2,0,18,3.3,234.25,2,34.1,0.0,63.3,1.0,0.0,0.0,126.06539422,6.0,3.0,9.0,-1.4,126.12,0.0,117.0,3,1
7,Di8,TriA,O=Cc1ccc2ccc3ccc(C=O)nc3c2n1,Nc1nc(N)nc(N)n1,turbid,103.7091004,0,0,302.0,1,0,0,236.058577502,4,0,18,2.0,236.22,2,59.9,0.0,63.3,1.0,0.0,0.0,126.06539422,6.0,3.0,9.0,-1.4,126.12,0.0,117.0,3,1
8,Di9,TriA,O=Cc1ccsc1C=O,Nc1nc(N)nc(N)n1,turbid,70.60357591,0,0,124.0,1,0,0,139.99320054,3,0,9,0.9,140.16,2,62.4,0.0,63.3,1.0,0.0,0.0,126.06539422,6.0,3.0,9.0,-1.4,126.12,0.0,117.0,1,1
9,Di10,TriA,O=Cc1ccccc1C=O,Nc1nc(N)nc(N)n1,turbid,104.6873322,0,0,115.0,1,0,0,134.03677943,2,0,10,1.2,134.13,2,34.1,0.0,63.3,1.0,0.0,0.0,126.06539422,6.0,3.0,9.0,-1.4,126.12,0.0,117.0,1,1
10,Di11,TriA,Cn1nc(-c2ccc(C=O)cc2)cc1C=O,Nc1nc(N)nc(N)n1,turbid,76.99275932,0,0,262.0,1,0,0,214.074227566,3,0,16,1.2,214.22,3,52.0,0.0,63.3,1.0,0.0,0.0,126.06539422,6.0,3.0,9.0,-1.4,126.12,0.0,117.0,2,1
11,Di12,TriA,CC(C=O)=Cc1ccc(C=C(C)C=O)cc1,Nc1nc(N)nc(N)n1,turbid,100.9246896,0,0,273.0,1,0,0,214.099379685,2,0,16,2.4,214.26,4,34.1,0.0,63.3,1.0,0.0,0.0,126.06539422,6.0,3.0,9.0,-1.4,126.12,0.0,117.0,1,1
12,Di13,TriA,COc1cc(C=O)ccc1OCCOc1ccc(C=O)cc1OC,Nc1nc(N)nc(N)n1,turbid,78.25828313,0,0,352.0,1,0,0,330.11033829,6,0,24,2.4,330.3,9,71.1,0.0,63.3,1.0,0.0,0.0,126.06539422,6.0,3.0,9.0,-1.4,126.12,0.0,117.0,2,1
13,Di14,TriA,Cn1nc2c(C=O)cccc2c1C=O,Nc1nc(N)nc(N)n1,turbid,75.354533,0,0,244.0,1,0,0,188.058577502,3,0,14,0.8,188.18,2,52.0,0.0,63.3,1.0,0.0,0.0,126.06539422,6.0,3.0,9.0,-1.4,126.12,0.0,117.0,2,1
14,Di15,TriA,O=Cc1ccc(OCCCOc2ccc(C=O)cc2)cc1,Nc1nc(N)nc(N)n1,turbid,77.93548433,0,0,272.0,1,0,0,284.10485899,4,0,21,2.8,284.31,8,52.6,0.0,63.3,1.0,0.0,0.0,126.06539422,6.0,3.0,9.0,-1.4,126.12,0.0,117.0,2,1
15,Di16,TriA,CCCCC(CC)COc1cc(C=O)c(OC)cc1C=O,Nc1nc(N)nc(N)n1,turbid,73.44841115,0,0,305.0,1,0,0,292.16745924,4,0,21,3.9,292.4,10,52.6,0.0,63.3,1.0,0.0,0.0,126.06539422,6.0,3.0,9.0,-1.4,126.12,0.0,117.0,1,1
16,Di1,TriB,O=Cc1cccc(C=O)c1,Cc1c(CN)c(C)c(CN)c(C)c1CN,turbid,68.010419,0,0,117.0,1,0,0,134.03677943,2,0,10,1.2,134.13,2,34.1,0.0,144.0,1.0,0.0,0.0,207.173547683,3.0,3.0,15.0,-0.4,207.32,3.0,78.1,1,1
17,Di2,TriB,CC(C)(C)c1cc(C=O)c(O)c(C=O)c1,Cc1c(CN)c(C)c(CN)c(C)c1CN,dissolved,51.06649374,1,0,224.0,1,0,0,206.094294304,3,1,15,2.7,206.24,3,54.4,0.0,144.0,1.0,0.0,0.0,207.173547683,3.0,3.0,15.0,-0.4,207.32,3.0,78.1,1,1
18,Di3,TriB,O=Cc1cc2sc(C=O)cc2s1,Cc1c(CN)c(C)c(CN)c(C)c1CN,turbid,108.9015986,0,0,185.0,1,0,0,195.96527171,4,0,12,2.3,196.3,2,90.6,0.0,144.0,1.0,0.0,0.0,207.173547683,3.0,3.0,15.0,-0.4,207.32,3.0,78.1,2,1
19,Di4,TriB,O=Cc1ccc(C=O)cc1,Cc1c(CN)c(C)c(CN)c(C)c1CN,turbid,57.66172808,0,0,107.0,1,0,0,134.03677943,2,0,10,0.9,134.13,2,34.1,0.0,144.0,1.0,0.0,0.0,207.173547683,3.0,3.0,15.0,-0.4,207.32,3.0,78.1,1,1
20,Di5,TriB,O=Cc1c(F)c(F)c(C=O)c(F)c1F,Cc1c(CN)c(C)c(CN)c(C)c1CN,dissolved,53.12176843,1,0,195.0,1,0,0,205.99909195,6,0,14,1.2,206.09,2,34.1,0.0,144.0,1.0,0.0,0.0,207.173547683,3.0,3.0,15.0,-0.4,207.32,3.0,78.1,1,1
21,Di6,TriB,O=Cc1ccc(-c2ccc(C=O)cc2)cc1,Cc1c(CN)c(C)c(CN)c(C)c1CN,dissolved,53.71876184,1,0,207.0,1,0,0,210.068079557,2,0,16,3.3,210.23,3,34.1,0.0,144.0,1.0,0.0,0.0,207.173547683,3.0,3.0,15.0,-0.4,207.32,3.0,78.1,2,1
22,Di7,TriB,O=Cc1c2ccccc2c(C=O)c2ccccc12,Cc1c(CN)c(C)c(CN)c(C)c1CN,dissolved,52.29870393,1,0,269.0,1,0,0,234.068079557,2,0,18,3.3,234.25,2,34.1,0.0,144.0,1.0,0.0,0.0,207.173547683,3.0,3.0,15.0,-0.4,207.32,3.0,78.1,3,1
23,Di8,TriB,O=Cc1ccc2ccc3ccc(C=O)nc3c2n1,Cc1c(CN)c(C)c(CN)c(C)c1CN,turbid,80.47123011,0,0,302.0,1,0,0,236.058577502,4,0,18,2.0,236.22,2,59.9,0.0,144.0,1.0,0.0,0.0,207.173547683,3.0,3.0,15.0,-0.4,207.32,3.0,78.1,3,1
24,Di9,TriB,O=Cc1ccsc1C=O,Cc1c(CN)c(C)c(CN)c(C)c1CN,turbid,121.5509188,0,0,124.0,1,0,0,139.99320054,3,0,9,0.9,140.16,2,62.4,0.0,144.0,1.0,0.0,0.0,207.173547683,3.0,3.0,15.0,-0.4,207.32,3.0,78.1,1,1
25,Di10,TriB,O=Cc1ccccc1C=O,Cc1c(CN)c(C)c(CN)c(C)c1CN,turbid,56.59480953,0,0,115.0,1,0,0,134.03677943,2,0,10,1.2,134.13,2,34.1,0.0,144.0,1.0,0.0,0.0,207.173547683,3.0,3.0,15.0,-0.4,207.32,3.0,78.1,1,1
26,Di11,TriB,Cn1nc(-c2ccc(C=O)cc2)cc1C=O,Cc1c(CN)c(C)c(CN)c(C)c1CN,turbid,106.7697374,0,0,262.0,1,0,0,214.074227566,3,0,16,1.2,214.22,3,52.0,0.0,144.0,1.0,0.0,0.0,207.173547683,3.0,3.0,15.0,-0.4,207.32,3.0,78.1,2,1
27,Di12,TriB,CC(C=O)=Cc1ccc(C=C(C)C=O)cc1,Cc1c(CN)c(C)c(CN)c(C)c1CN,turbid,74.07075506,0,0,273.0,1,0,0,214.099379685,2,0,16,2.4,214.26,4,34.1,0.0,144.0,1.0,0.0,0.0,207.173547683,3.0,3.0,15.0,-0.4,207.32,3.0,78.1,1,1
28,Di13,TriB,COc1cc(C=O)ccc1OCCOc1ccc(C=O)cc1OC,Cc1c(CN)c(C)c(CN)c(C)c1CN,dissolved,52.4317219,1,0,352.0,1,0,0,330.11033829,6,0,24,2.4,330.3,9,71.1,0.0,144.0,1.0,0.0,0.0,207.173547683,3.0,3.0,15.0,-0.4,207.32,3.0,78.1,2,1
29,Di14,TriB,Cn1nc2c(C=O)cccc2c1C=O,Cc1c(CN)c(C)c(CN)c(C)c1CN,turbid,68.63971798,0,0,244.0,1,0,0,188.058577502,3,0,14,0.8,188.18,2,52.0,0.0,144.0,1.0,0.0,0.0,207.173547683,3.0,3.0,15.0,-0.4,207.32,3.0,78.1,2,1
30,Di15,TriB,O=Cc1ccc(OCCCOc2ccc(C=O)cc2)cc1,Cc1c(CN)c(C)c(CN)c(C)c1CN,dissolved,53.19930073,1,0,272.0,1,0,0,284.10485899,4,0,21,2.8,284.31,8,52.6,0.0,144.0,1.0,0.0,0.0,207.173547683,3.0,3.0,15.0,-0.4,207.32,3.0,78.1,2,1
31,Di16,TriB,CCCCC(CC)COc1cc(C=O)c(OC)cc1C=O,Cc1c(CN)c(C)c(CN)c(C)c1CN,turbid,60.09036169,0,0,305.0,1,0,0,292.16745924,4,0,21,3.9,292.4,10,52.6,0.0,144.0,1.0,0.0,0.0,207.173547683,3.0,3.0,15.0,-0.4,207.32,3.0,78.1,1,1
32,Di1,TriC,O=Cc1cccc(C=O)c1,NCCN(CCN)CCN,dissolved,52.05628205,1,0,117.0,1,0,0,134.03677943,2,0,10,1.2,134.13,2,34.1,0.0,52.5,1.0,0.0,0.0,146.153146591,4.0,3.0,10.0,-2.6,146.23,6.0,81.3,1,0
33,Di2,TriC,CC(C)(C)c1cc(C=O)c(O)c(C=O)c1,NCCN(CCN)CCN,dissolved,52.85598093,1,0,224.0,1,0,0,206.094294304,3,1,15,2.7,206.24,3,54.4,0.0,52.5,1.0,0.0,0.0,146.153146591,4.0,3.0,10.0,-2.6,146.23,6.0,81.3,1,0
34,Di3,TriC,O=Cc1cc2sc(C=O)cc2s1,NCCN(CCN)CCN,turbid,64.75422034,0,0,185.0,1,0,0,195.96527171,4,0,12,2.3,196.3,2,90.6,0.0,52.5,1.0,0.0,0.0,146.153146591,4.0,3.0,10.0,-2.6,146.23,6.0,81.3,2,0
35,Di4,TriC,O=Cc1ccc(C=O)cc1,NCCN(CCN)CCN,dissolved,53.91345408,1,0,107.0,1,0,0,134.03677943,2,0,10,0.9,134.13,2,34.1,0.0,52.5,1.0,0.0,0.0,146.153146591,4.0,3.0,10.0,-2.6,146.23,6.0,81.3,1,0
36,Di5,TriC,O=Cc1c(F)c(F)c(C=O)c(F)c1F,NCCN(CCN)CCN,dissolved,51.8039776,1,0,195.0,1,0,0,205.99909195,6,0,14,1.2,206.09,2,34.1,0.0,52.5,1.0,0.0,0.0,146.153146591,4.0,3.0,10.0,-2.6,146.23,6.0,81.3,1,0
37,Di6,TriC,O=Cc1ccc(-c2ccc(C=O)cc2)cc1,NCCN(CCN)CCN,turbid,74.33368164,0,0,207.0,1,0,0,210.068079557,2,0,16,3.3,210.23,3,34.1,0.0,52.5,1.0,0.0,0.0,146.153146591,4.0,3.0,10.0,-2.6,146.23,6.0,81.3,2,0
38,Di7,TriC,O=Cc1c2ccccc2c(C=O)c2ccccc12,NCCN(CCN)CCN,turbid,66.6871812,0,0,269.0,1,0,0,234.068079557,2,0,18,3.3,234.25,2,34.1,0.0,52.5,1.0,0.0,0.0,146.153146591,4.0,3.0,10.0,-2.6,146.23,6.0,81.3,3,0
39,Di8,TriC,O=Cc1ccc2ccc3ccc(C=O)nc3c2n1,NCCN(CCN)CCN,turbid,58.96680882,0,0,302.0,1,0,0,236.058577502,4,0,18,2.0,236.22,2,59.9,0.0,52.5,1.0,0.0,0.0,146.153146591,4.0,3.0,10.0,-2.6,146.23,6.0,81.3,3,0
40,Di9,TriC,O=Cc1ccsc1C=O,NCCN(CCN)CCN,turbid,68.09324971,0,0,124.0,1,0,0,139.99320054,3,0,9,0.9,140.16,2,62.4,0.0,52.5,1.0,0.0,0.0,146.153146591,4.0,3.0,10.0,-2.6,146.23,6.0,81.3,1,0
41,Di10,TriC,O=Cc1ccccc1C=O,NCCN(CCN)CCN,turbid,56.59724651,0,0,115.0,1,0,0,134.03677943,2,0,10,1.2,134.13,2,34.1,0.0,52.5,1.0,0.0,0.0,146.153146591,4.0,3.0,10.0,-2.6,146.23,6.0,81.3,1,0
42,Di11,TriC,Cn1nc(-c2ccc(C=O)cc2)cc1C=O,NCCN(CCN)CCN,dissolved,49.92344195,1,0,262.0,1,0,0,214.074227566,3,0,16,1.2,214.22,3,52.0,0.0,52.5,1.0,0.0,0.0,146.153146591,4.0,3.0,10.0,-2.6,146.23,6.0,81.3,2,0
43,Di12,TriC,CC(C=O)=Cc1ccc(C=C(C)C=O)cc1,NCCN(CCN)CCN,turbid,57.36143787,0,0,273.0,1,0,0,214.099379685,2,0,16,2.4,214.26,4,34.1,0.0,52.5,1.0,0.0,0.0,146.153146591,4.0,3.0,10.0,-2.6,146.23,6.0,81.3,1,0
44,Di13,TriC,COc1cc(C=O)ccc1OCCOc1ccc(C=O)cc1OC,NCCN(CCN)CCN,turbid,55.52662215,0,0,352.0,1,0,0,330.11033829,6,0,24,2.4,330.3,9,71.1,0.0,52.5,1.0,0.0,0.0,146.153146591,4.0,3.0,10.0,-2.6,146.23,6.0,81.3,2,0
45,Di14,TriC,Cn1nc2c(C=O)cccc2c1C=O,NCCN(CCN)CCN,turbid,70.21774324,0,0,244.0,1,0,0,188.058577502,3,0,14,0.8,188.18,2,52.0,0.0,52.5,1.0,0.0,0.0,146.153146591,4.0,3.0,10.0,-2.6,146.23,6.0,81.3,2,0
46,Di15,TriC,O=Cc1ccc(OCCCOc2ccc(C=O)cc2)cc1,NCCN(CCN)CCN,dissolved,54.01094913,1,0,272.0,1,0,0,284.10485899,4,0,21,2.8,284.31,8,52.6,0.0,52.5,1.0,0.0,0.0,146.153146591,4.0,3.0,10.0,-2.6,146.23,6.0,81.3,2,0
47,Di16,TriC,CCCCC(CC)COc1cc(C=O)c(OC)cc1C=O,NCCN(CCN)CCN,turbid,56.36636622,0,0,305.0,1,0,0,292.16745924,4,0,21,3.9,292.4,10,52.6,0.0,52.5,1.0,0.0,0.0,146.153146591,4.0,3.0,10.0,-2.6,146.23,6.0,81.3,1,0
48,Di1,TriD,O=Cc1cccc(C=O)c1,CCc1c(CN)c(CC)c(CN)c(CC)c1CN,turbid,100.0390146,0,0,117.0,1,0,0,134.03677943,2,0,10,1.2,134.13,2,34.1,0.0,176.0,1.0,0.0,0.0,249.220497874,3.0,3.0,18.0,0.9,249.39,6.0,78.1,1,1
49,Di2,TriD,CC(C)(C)c1cc(C=O)c(O)c(C=O)c1,CCc1c(CN)c(CC)c(CN)c(CC)c1CN,dissolved,46.12427218,1,0,224.0,1,0,0,206.094294304,3,1,15,2.7,206.24,3,54.4,0.0,176.0,1.0,0.0,0.0,249.220497874,3.0,3.0,18.0,0.9,249.39,6.0,78.1,1,1
50,Di3,TriD,O=Cc1cc2sc(C=O)cc2s1,CCc1c(CN)c(CC)c(CN)c(CC)c1CN,dissolved,47.06490225,1,0,185.0,1,0,0,195.96527171,4,0,12,2.3,196.3,2,90.6,0.0,176.0,1.0,0.0,0.0,249.220497874,3.0,3.0,18.0,0.9,249.39,6.0,78.1,2,1
51,Di4,TriD,O=Cc1ccc(C=O)cc1,CCc1c(CN)c(CC)c(CN)c(CC)c1CN,turbid,57.55812354,0,0,107.0,1,0,0,134.03677943,2,0,10,0.9,134.13,2,34.1,0.0,176.0,1.0,0.0,0.0,249.220497874,3.0,3.0,18.0,0.9,249.39,6.0,78.1,1,1
52,Di5,TriD,O=Cc1c(F)c(F)c(C=O)c(F)c1F,CCc1c(CN)c(CC)c(CN)c(CC)c1CN,turbid,55.47241289,0,0,195.0,1,0,0,205.99909195,6,0,14,1.2,206.09,2,34.1,0.0,176.0,1.0,0.0,0.0,249.220497874,3.0,3.0,18.0,0.9,249.39,6.0,78.1,1,1
53,Di6,TriD,O=Cc1ccc(-c2ccc(C=O)cc2)cc1,CCc1c(CN)c(CC)c(CN)c(CC)c1CN,turbid,56.47665451,0,0,207.0,1,0,0,210.068079557,2,0,16,3.3,210.23,3,34.1,0.0,176.0,1.0,0.0,0.0,249.220497874,3.0,3.0,18.0,0.9,249.39,6.0,78.1,2,1
54,Di7,TriD,O=Cc1c2ccccc2c(C=O)c2ccccc12,CCc1c(CN)c(CC)c(CN)c(CC)c1CN,dissolved,46.90333854,1,0,269.0,1,0,0,234.068079557,2,0,18,3.3,234.25,2,34.1,0.0,176.0,1.0,0.0,0.0,249.220497874,3.0,3.0,18.0,0.9,249.39,6.0,78.1,3,1
55,Di8,TriD,O=Cc1ccc2ccc3ccc(C=O)nc3c2n1,CCc1c(CN)c(CC)c(CN)c(CC)c1CN,turbid,55.67372629,0,0,302.0,1,0,0,236.058577502,4,0,18,2.0,236.22,2,59.9,0.0,176.0,1.0,0.0,0.0,249.220497874,3.0,3.0,18.0,0.9,249.39,6.0,78.1,3,1
56,Di9,TriD,O=Cc1ccsc1C=O,CCc1c(CN)c(CC)c(CN)c(CC)c1CN,turbid,61.86217277,0,0,124.0,1,0,0,139.99320054,3,0,9,0.9,140.16,2,62.4,0.0,176.0,1.0,0.0,0.0,249.220497874,3.0,3.0,18.0,0.9,249.39,6.0,78.1,1,1
57,Di10,TriD,O=Cc1ccccc1C=O,CCc1c(CN)c(CC)c(CN)c(CC)c1CN,turbid,55.89027059,0,0,115.0,1,0,0,134.03677943,2,0,10,1.2,134.13,2,34.1,0.0,176.0,1.0,0.0,0.0,249.220497874,3.0,3.0,18.0,0.9,249.39,6.0,78.1,1,1
58,Di11,TriD,Cn1nc(-c2ccc(C=O)cc2)cc1C=O,CCc1c(CN)c(CC)c(CN)c(CC)c1CN,dissolved,52.37679952,1,0,262.0,1,0,0,214.074227566,3,0,16,1.2,214.22,3,52.0,0.0,176.0,1.0,0.0,0.0,249.220497874,3.0,3.0,18.0,0.9,249.39,6.0,78.1,2,1
59,Di12,TriD,CC(C=O)=Cc1ccc(C=C(C)C=O)cc1,CCc1c(CN)c(CC)c(CN)c(CC)c1CN,turbid,59.75395926,0,0,273.0,1,0,0,214.099379685,2,0,16,2.4,214.26,4,34.1,0.0,176.0,1.0,0.0,0.0,249.220497874,3.0,3.0,18.0,0.9,249.39,6.0,78.1,1,1
60,Di13,TriD,COc1cc(C=O)ccc1OCCOc1ccc(C=O)cc1OC,CCc1c(CN)c(CC)c(CN)c(CC)c1CN,dissolved,54.45425455,1,0,352.0,1,0,0,330.11033829,6,0,24,2.4,330.3,9,71.1,0.0,176.0,1.0,0.0,0.0,249.220497874,3.0,3.0,18.0,0.9,249.39,6.0,78.1,2,1
61,Di14,TriD,Cn1nc2c(C=O)cccc2c1C=O,CCc1c(CN)c(CC)c(CN)c(CC)c1CN,turbid,57.57273341,0,0,244.0,1,0,0,188.058577502,3,0,14,0.8,188.18,2,52.0,0.0,176.0,1.0,0.0,0.0,249.220497874,3.0,3.0,18.0,0.9,249.39,6.0,78.1,2,1
62,Di15,TriD,O=Cc1ccc(OCCCOc2ccc(C=O)cc2)cc1,CCc1c(CN)c(CC)c(CN)c(CC)c1CN,dissolved,55.06911434,1,0,272.0,1,0,0,284.10485899,4,0,21,2.8,284.31,8,52.6,0.0,176.0,1.0,0.0,0.0,249.220497874,3.0,3.0,18.0,0.9,249.39,6.0,78.1,2,1
63,Di16,TriD,CCCCC(CC)COc1cc(C=O)c(OC)cc1C=O,CCc1c(CN)c(CC)c(CN)c(CC)c1CN,turbid,58.44660422,0,0,305.0,1,0,0,292.16745924,4,0,21,3.9,292.4,10,52.6,0.0,176.0,1.0,0.0,0.0,249.220497874,3.0,3.0,18.0,0.9,249.39,6.0,78.1,1,1
64,Di1,TriE,O=Cc1cccc(C=O)c1,NCCCN(CCCN)CCCN,turbid,77.14365028,0,0,117.0,1,0,0,134.03677943,2,0,10,1.2,134.13,2,34.1,0.0,78.6,1.0,0.0,0.0,188.20009678,4.0,3.0,13.0,-1.5,188.31,9.0,81.3,1,0
65,Di2,TriE,CC(C)(C)c1cc(C=O)c(O)c(C=O)c1,NCCCN(CCCN)CCCN,turbid,56.0251398,0,0,224.0,1,0,0,206.094294304,3,1,15,2.7,206.24,3,54.4,0.0,78.6,1.0,0.0,0.0,188.20009678,4.0,3.0,13.0,-1.5,188.31,9.0,81.3,1,0
66,Di3,TriE,O=Cc1cc2sc(C=O)cc2s1,NCCCN(CCCN)CCCN,turbid,84.83322602,0,0,185.0,1,0,0,195.96527171,4,0,12,2.3,196.3,2,90.6,0.0,78.6,1.0,0.0,0.0,188.20009678,4.0,3.0,13.0,-1.5,188.31,9.0,81.3,2,0
67,Di4,TriE,O=Cc1ccc(C=O)cc1,NCCCN(CCCN)CCCN,turbid,56.36883985,0,0,107.0,1,0,0,134.03677943,2,0,10,0.9,134.13,2,34.1,0.0,78.6,1.0,0.0,0.0,188.20009678,4.0,3.0,13.0,-1.5,188.31,9.0,81.3,1,0
68,Di5,TriE,O=Cc1c(F)c(F)c(C=O)c(F)c1F,NCCCN(CCCN)CCCN,turbid,78.57970349,0,0,195.0,1,0,0,205.99909195,6,0,14,1.2,206.09,2,34.1,0.0,78.6,1.0,0.0,0.0,188.20009678,4.0,3.0,13.0,-1.5,188.31,9.0,81.3,1,0
69,Di6,TriE,O=Cc1ccc(-c2ccc(C=O)cc2)cc1,NCCCN(CCCN)CCCN,dissolved,49.85453172,1,0,207.0,1,0,0,210.068079557,2,0,16,3.3,210.23,3,34.1,0.0,78.6,1.0,0.0,0.0,188.20009678,4.0,3.0,13.0,-1.5,188.31,9.0,81.3,2,0
70,Di7,TriE,O=Cc1c2ccccc2c(C=O)c2ccccc12,NCCCN(CCCN)CCCN,turbid,70.65191797,0,0,269.0,1,0,0,234.068079557,2,0,18,3.3,234.25,2,34.1,0.0,78.6,1.0,0.0,0.0,188.20009678,4.0,3.0,13.0,-1.5,188.31,9.0,81.3,3,0
71,Di8,TriE,O=Cc1ccc2ccc3ccc(C=O)nc3c2n1,NCCCN(CCCN)CCCN,turbid,62.12037419,0,0,302.0,1,0,0,236.058577502,4,0,18,2.0,236.22,2,59.9,0.0,78.6,1.0,0.0,0.0,188.20009678,4.0,3.0,13.0,-1.5,188.31,9.0,81.3,3,0
72,Di9,TriE,O=Cc1ccsc1C=O,NCCCN(CCCN)CCCN,dissolved,54.73455854,1,0,124.0,1,0,0,139.99320054,3,0,9,0.9,140.16,2,62.4,0.0,78.6,1.0,0.0,0.0,188.20009678,4.0,3.0,13.0,-1.5,188.31,9.0,81.3,1,0
73,Di10,TriE,O=Cc1ccccc1C=O,NCCCN(CCCN)CCCN,turbid,66.12243718,0,0,115.0,1,0,0,134.03677943,2,0,10,1.2,134.13,2,34.1,0.0,78.6,1.0,0.0,0.0,188.20009678,4.0,3.0,13.0,-1.5,188.31,9.0,81.3,1,0
74,Di11,TriE,Cn1nc(-c2ccc(C=O)cc2)cc1C=O,NCCCN(CCCN)CCCN,turbid,55.39366702,0,0,262.0,1,0,0,214.074227566,3,0,16,1.2,214.22,3,52.0,0.0,78.6,1.0,0.0,0.0,188.20009678,4.0,3.0,13.0,-1.5,188.31,9.0,81.3,2,0
75,Di12,TriE,CC(C=O)=Cc1ccc(C=C(C)C=O)cc1,NCCCN(CCCN)CCCN,turbid,61.33763369,0,0,273.0,1,0,0,214.099379685,2,0,16,2.4,214.26,4,34.1,0.0,78.6,1.0,0.0,0.0,188.20009678,4.0,3.0,13.0,-1.5,188.31,9.0,81.3,1,0
76,Di13,TriE,COc1cc(C=O)ccc1OCCOc1ccc(C=O)cc1OC,NCCCN(CCCN)CCCN,turbid,55.55211202,0,0,352.0,1,0,0,330.11033829,6,0,24,2.4,330.3,9,71.1,0.0,78.6,1.0,0.0,0.0,188.20009678,4.0,3.0,13.0,-1.5,188.31,9.0,81.3,2,0
77,Di14,TriE,Cn1nc2c(C=O)cccc2c1C=O,NCCCN(CCCN)CCCN,turbid,56.11293047,0,0,244.0,1,0,0,188.058577502,3,0,14,0.8,188.18,2,52.0,0.0,78.6,1.0,0.0,0.0,188.20009678,4.0,3.0,13.0,-1.5,188.31,9.0,81.3,2,0
78,Di15,TriE,O=Cc1ccc(OCCCOc2ccc(C=O)cc2)cc1,NCCCN(CCCN)CCCN,dissolved,52.82665946,1,0,272.0,1,0,0,284.10485899,4,0,21,2.8,284.31,8,52.6,0.0,78.6,1.0,0.0,0.0,188.20009678,4.0,3.0,13.0,-1.5,188.31,9.0,81.3,2,0
79,Di16,TriE,CCCCC(CC)COc1cc(C=O)c(OC)cc1C=O,NCCCN(CCCN)CCCN,turbid,56.15162522,0,0,305.0,1,0,0,292.16745924,4,0,21,3.9,292.4,10,52.6,0.0,78.6,1.0,0.0,0.0,188.20009678,4.0,3.0,13.0,-1.5,188.31,9.0,81.3,1,0
80,Di1,TriF,O=Cc1cccc(C=O)c1,NC1CC(N)CC(N)C1,turbid,60.89929095,0,0,117.0,1,0,0,134.03677943,2,0,10,1.2,134.13,2,34.1,0.0,63.3,1.0,0.0,0.0,129.126597491,3.0,3.0,9.0,-1.6,129.2,0.0,78.1,1,0
81,Di2,TriF,CC(C)(C)c1cc(C=O)c(O)c(C=O)c1,NC1CC(N)CC(N)C1,turbid,72.15638983,0,0,224.0,1,0,0,206.094294304,3,1,15,2.7,206.24,3,54.4,0.0,63.3,1.0,0.0,0.0,129.126597491,3.0,3.0,9.0,-1.6,129.2,0.0,78.1,1,0
82,Di3,TriF,O=Cc1cc2sc(C=O)cc2s1,NC1CC(N)CC(N)C1,turbid,103.4969956,0,0,185.0,1,0,0,195.96527171,4,0,12,2.3,196.3,2,90.6,0.0,63.3,1.0,0.0,0.0,129.126597491,3.0,3.0,9.0,-1.6,129.2,0.0,78.1,2,0
83,Di4,TriF,O=Cc1ccc(C=O)cc1,NC1CC(N)CC(N)C1,turbid,67.76013089,0,0,107.0,1,0,0,134.03677943,2,0,10,0.9,134.13,2,34.1,0.0,63.3,1.0,0.0,0.0,129.126597491,3.0,3.0,9.0,-1.6,129.2,0.0,78.1,1,0
84,Di5,TriF,O=Cc1c(F)c(F)c(C=O)c(F)c1F,NC1CC(N)CC(N)C1,turbid,73.0765318,0,0,195.0,1,0,0,205.99909195,6,0,14,1.2,206.09,2,34.1,0.0,63.3,1.0,0.0,0.0,129.126597491,3.0,3.0,9.0,-1.6,129.2,0.0,78.1,1,0
85,Di6,TriF,O=Cc1ccc(-c2ccc(C=O)cc2)cc1,NC1CC(N)CC(N)C1,turbid,79.29629628,0,0,207.0,1,0,0,210.068079557,2,0,16,3.3,210.23,3,34.1,0.0,63.3,1.0,0.0,0.0,129.126597491,3.0,3.0,9.0,-1.6,129.2,0.0,78.1,2,0
86,Di7,TriF,O=Cc1c2ccccc2c(C=O)c2ccccc12,NC1CC(N)CC(N)C1,turbid,72.58106711,0,0,269.0,1,0,0,234.068079557,2,0,18,3.3,234.25,2,34.1,0.0,63.3,1.0,0.0,0.0,129.126597491,3.0,3.0,9.0,-1.6,129.2,0.0,78.1,3,0
87,Di8,TriF,O=Cc1ccc2ccc3ccc(C=O)nc3c2n1,NC1CC(N)CC(N)C1,turbid,90.65678674,0,0,302.0,1,0,0,236.058577502,4,0,18,2.0,236.22,2,59.9,0.0,63.3,1.0,0.0,0.0,129.126597491,3.0,3.0,9.0,-1.6,129.2,0.0,78.1,3,0
88,Di9,TriF,O=Cc1ccsc1C=O,NC1CC(N)CC(N)C1,turbid,62.82126394,0,0,124.0,1,0,0,139.99320054,3,0,9,0.9,140.16,2,62.4,0.0,63.3,1.0,0.0,0.0,129.126597491,3.0,3.0,9.0,-1.6,129.2,0.0,78.1,1,0
89,Di10,TriF,O=Cc1ccccc1C=O,NC1CC(N)CC(N)C1,turbid,73.65235589,0,0,115.0,1,0,0,134.03677943,2,0,10,1.2,134.13,2,34.1,0.0,63.3,1.0,0.0,0.0,129.126597491,3.0,3.0,9.0,-1.6,129.2,0.0,78.1,1,0
90,Di11,TriF,Cn1nc(-c2ccc(C=O)cc2)cc1C=O,NC1CC(N)CC(N)C1,turbid,64.08024387,0,0,262.0,1,0,0,214.074227566,3,0,16,1.2,214.22,3,52.0,0.0,63.3,1.0,0.0,0.0,129.126597491,3.0,3.0,9.0,-1.6,129.2,0.0,78.1,2,0
91,Di12,TriF,CC(C=O)=Cc1ccc(C=C(C)C=O)cc1,NC1CC(N)CC(N)C1,turbid,61.18637432,0,0,273.0,1,0,0,214.099379685,2,0,16,2.4,214.26,4,34.1,0.0,63.3,1.0,0.0,0.0,129.126597491,3.0,3.0,9.0,-1.6,129.2,0.0,78.1,1,0
92,Di13,TriF,COc1cc(C=O)ccc1OCCOc1ccc(C=O)cc1OC,NC1CC(N)CC(N)C1,turbid,63.81781417,0,0,352.0,1,0,0,330.11033829,6,0,24,2.4,330.3,9,71.1,0.0,63.3,1.0,0.0,0.0,129.126597491,3.0,3.0,9.0,-1.6,129.2,0.0,78.1,2,0
93,Di14,TriF,Cn1nc2c(C=O)cccc2c1C=O,NC1CC(N)CC(N)C1,turbid,60.59629249,0,0,244.0,1,0,0,188.058577502,3,0,14,0.8,188.18,2,52.0,0.0,63.3,1.0,0.0,0.0,129.126597491,3.0,3.0,9.0,-1.6,129.2,0.0,78.1,2,0
94,Di15,TriF,O=Cc1ccc(OCCCOc2ccc(C=O)cc2)cc1,NC1CC(N)CC(N)C1,turbid,62.89991704,0,0,272.0,1,0,0,284.10485899,4,0,21,2.8,284.31,8,52.6,0.0,63.3,1.0,0.0,0.0,129.126597491,3.0,3.0,9.0,-1.6,129.2,0.0,78.1,2,0
95,Di16,TriF,CCCCC(CC)COc1cc(C=O)c(OC)cc1C=O,NC1CC(N)CC(N)C1,turbid,66.09592456,0,0,305.0,1,0,0,292.16745924,4,0,21,3.9,292.4,10,52.6,0.0,63.3,1.0,0.0,0.0,129.126597491,3.0,3.0,9.0,-1.6,129.2,0.0,78.1,1,0
96,Di17,TriG,NCCN,O=Cc1cc(C=O)cc(C=O)c1,turbid,59.93416122,0,0,6.0,1,0,0,60.068748264,2,2,4,-2.0,60.1,1,52.0,0.0,143.0,1.0,0.0,0.0,162.031694049,3.0,0.0,12.0,0.3,162.14,3.0,51.2,0,1
97,Di18,TriG,CC(C)(CN)CN,O=Cc1cc(C=O)cc(C=O)c1,dissolved,54.48092273,1,0,44.0,1,0,0,102.115698455,2,2,7,-0.5,102.18,2,52.0,0.0,143.0,1.0,0.0,0.0,162.031694049,3.0,0.0,12.0,0.3,162.14,3.0,51.2,0,1
98,Di19,TriG,N[C@H]1CN(Cc2ccccc2)C[C@@H]1N,O=Cc1cc(C=O)cc(C=O)c1,turbid,66.11060175,0,0,167.0,1,2,0,191.142247555,3,2,14,-0.2,191.27,2,55.3,0.0,143.0,1.0,0.0,0.0,162.031694049,3.0,0.0,12.0,0.3,162.14,3.0,51.2,1,1
99,Di20,TriG,N[C@H]([C@H](C1=CC=CC=C1)N)C2=CC=CC=C2,O=Cc1cc(C=O)cc(C=O)c1,dissolved,53.44653238,1,0,171.0,1,2,0,212.131348519,2,2,16,1.4,212.29,3,52.0,0.0,143.0,1.0,0.0,0.0,162.031694049,3.0,0.0,12.0,0.3,162.14,3.0,51.2,2,1
100,Di21,TriG,Nc1ccc(Oc2ccc(N)cc2)cc1,O=Cc1cc(C=O)cc(C=O)c1,turbid,106.5425456,0,0,162.0,1,0,0,200.094963011,3,2,15,1.4,200.24,2,61.3,0.0,143.0,1.0,0.0,0.0,162.031694049,3.0,0.0,12.0,0.3,162.14,3.0,51.2,2,1
101,Di22,TriG,NC1=NON=C1N,O=Cc1cc(C=O)cc(C=O)c1,turbid,59.82346828,0,0,58.7,1,0,0,100.03851076,5,2,7,-0.5,100.08,0,91.0,0.0,143.0,1.0,0.0,0.0,162.031694049,3.0,0.0,12.0,0.3,162.14,3.0,51.2,1,1
102,Di23,TriG,N[C@H]1CCC[C@H](C1)N,O=Cc1cc(C=O)cc(C=O)c1,turbid,59.20082438,0,0,64.9,1,2,0,114.115698455,2,2,8,-0.3,114.19,0,52.0,0.0,143.0,1.0,0.0,0.0,162.031694049,3.0,0.0,12.0,0.3,162.14,3.0,51.2,0,1
103,Di24,TriG,N[C@@H]1[C@H](CCCC1)N,O=Cc1cc(C=O)cc(C=O)c1,turbid,59.44878927,0,0,62.9,1,2,0,114.115698455,2,2,8,-0.3,114.19,0,52.0,0.0,143.0,1.0,0.0,0.0,162.031694049,3.0,0.0,12.0,0.3,162.14,3.0,51.2,0,1
104,Di25,TriG,NCCCCCCNCCCCCCN,O=Cc1cc(C=O)cc(C=O)c1,dissolved,23.8042273,1,0,95.0,1,0,0,215.236147938,3,3,15,0.8,215.38,12,64.1,0.0,143.0,1.0,0.0,0.0,162.031694049,3.0,0.0,12.0,0.3,162.14,3.0,51.2,0,1
105,Di26,TriG,NCCCCCCN,O=Cc1cc(C=O)cc(C=O)c1,dissolved,25.31021438,1,0,31.5,1,0,0,116.131348519,2,2,8,-0.2,116.2,5,52.0,0.0,143.0,1.0,0.0,0.0,162.031694049,3.0,0.0,12.0,0.3,162.14,3.0,51.2,0,1
106,Di27,TriG,NCc1ccc(CN)cc1,O=Cc1cc(C=O)cc(C=O)c1,dissolved,27.80973375,1,0,73.3,1,0,0,136.100048391,2,2,10,-0.4,136.19,2,52.0,0.0,143.0,1.0,0.0,0.0,162.031694049,3.0,0.0,12.0,0.3,162.14,3.0,51.2,1,1
107,Di28,TriG,NCC1CCC(CN)CC1,O=Cc1cc(C=O)cc(C=O)c1,turbid,82.94291585,0,0,73.3,1,0,0,142.146998583,2,2,10,0.1,142.24,2,52.0,0.0,143.0,1.0,0.0,0.0,162.031694049,3.0,0.0,12.0,0.3,162.14,3.0,51.2,0,1
108,Di29,TriG,CN(CCCN)CCCN,O=Cc1cc(C=O)cc(C=O)c1,dissolved,23.03320468,1,0,57.9,1,0,0,145.157897619,3,2,10,-0.9,145.25,6,55.3,0.0,143.0,1.0,0.0,0.0,162.031694049,3.0,0.0,12.0,0.3,162.14,3.0,51.2,0,1
109,Di30,TriG,NCCOCCN,O=Cc1cc(C=O)cc(C=O)c1,dissolved,27.91266738,1,0,28.9,1,0,0,104.094963011,3,2,7,-1.8,104.15,4,61.3,0.0,143.0,1.0,0.0,0.0,162.031694049,3.0,0.0,12.0,0.3,162.14,3.0,51.2,0,1
110,Di31,TriG,NCC1=CC(CN)=CC=C1,O=Cc1cc(C=O)cc(C=O)c1,dissolved,23.06427431,1,0,83.3,1,0,0,136.100048391,2,2,10,-0.3,136.19,2,52.0,0.0,143.0,1.0,0.0,0.0,162.031694049,3.0,0.0,12.0,0.3,162.14,3.0,51.2,1,1
111,Di32,TriG,NCC(CN)O,O=Cc1cc(C=O)cc(C=O)c1,dissolved,47.10784912,1,0,28.0,1,0,0,90.079312947,3,3,6,-2.3,90.12,2,72.3,0.0,143.0,1.0,0.0,0.0,162.031694049,3.0,0.0,12.0,0.3,162.14,3.0,51.2,0,1
112,Di33,TriG,NCCCC[C@H](N)C(=O)O,O=Cc1cc(C=O)cc(C=O)c1,dissolved,22.32789867,1,0,106.0,1,1,0,146.105527694,4,3,10,-3.0,146.19,5,89.3,0.0,143.0,1.0,0.0,0.0,162.031694049,3.0,0.0,12.0,0.3,162.14,3.0,51.2,0,1
113,Di34,TriG,N[C@H]1CC[C@H](N)CC1,O=Cc1cc(C=O)cc(C=O)c1,dissolved,28.90147194,1,0,54.9,1,0,0,114.115698455,2,2,8,-0.3,114.19,0,52.0,0.0,143.0,1.0,0.0,0.0,162.031694049,3.0,0.0,12.0,0.3,162.14,3.0,51.2,0,1
114,Di17,TriH,NCCN,O=Cc1ccc(-c2cc(-c3ccc(C=O)cc3)cc(-c3ccc(C=O)cc3)c2)cc1,turbid,60.14909203,0,0,6.0,1,0,0,60.068748264,2,2,4,-2.0,60.1,1,52.0,0.0,470.0,1.0,0.0,0.0,390.125594432,3.0,0.0,30.0,5.2,390.4,6.0,51.2,0,4
115,Di18,TriH,CC(C)(CN)CN,O=Cc1ccc(-c2cc(-c3ccc(C=O)cc3)cc(-c3ccc(C=O)cc3)c2)cc1,turbid,67.54201626,0,0,44.0,1,0,0,102.115698455,2,2,7,-0.5,102.18,2,52.0,0.0,470.0,1.0,0.0,0.0,390.125594432,3.0,0.0,30.0,5.2,390.4,6.0,51.2,0,4
116,Di19,TriH,N[C@H]1CN(Cc2ccccc2)C[C@@H]1N,O=Cc1ccc(-c2cc(-c3ccc(C=O)cc3)cc(-c3ccc(C=O)cc3)c2)cc1,turbid,68.28893221,0,0,167.0,1,2,0,191.142247555,3,2,14,-0.2,191.27,2,55.3,0.0,470.0,1.0,0.0,0.0,390.125594432,3.0,0.0,30.0,5.2,390.4,6.0,51.2,1,4
117,Di20,TriH,N[C@H]([C@H](C1=CC=CC=C1)N)C2=CC=CC=C2,O=Cc1ccc(-c2cc(-c3ccc(C=O)cc3)cc(-c3ccc(C=O)cc3)c2)cc1,turbid,65.09854804,0,0,171.0,1,2,0,212.131348519,2,2,16,1.4,212.29,3,52.0,0.0,470.0,1.0,0.0,0.0,390.125594432,3.0,0.0,30.0,5.2,390.4,6.0,51.2,2,4
118,Di21,TriH,Nc1ccc(Oc2ccc(N)cc2)cc1,O=Cc1ccc(-c2cc(-c3ccc(C=O)cc3)cc(-c3ccc(C=O)cc3)c2)cc1,turbid,68.11965038,0,0,162.0,1,0,0,200.094963011,3,2,15,1.4,200.24,2,61.3,0.0,470.0,1.0,0.0,0.0,390.125594432,3.0,0.0,30.0,5.2,390.4,6.0,51.2,2,4
119,Di22,TriH,NC1=NON=C1N,O=Cc1ccc(-c2cc(-c3ccc(C=O)cc3)cc(-c3ccc(C=O)cc3)c2)cc1,turbid,80.25265099,0,0,58.7,1,0,0,100.03851076,5,2,7,-0.5,100.08,0,91.0,0.0,470.0,1.0,0.0,0.0,390.125594432,3.0,0.0,30.0,5.2,390.4,6.0,51.2,1,4
120,Di23,TriH,N[C@H]1CCC[C@H](C1)N,O=Cc1ccc(-c2cc(-c3ccc(C=O)cc3)cc(-c3ccc(C=O)cc3)c2)cc1,turbid,72.83825973,0,0,64.9,1,2,0,114.115698455,2,2,8,-0.3,114.19,0,52.0,0.0,470.0,1.0,0.0,0.0,390.125594432,3.0,0.0,30.0,5.2,390.4,6.0,51.2,0,4
121,Di24,TriH,N[C@@H]1[C@H](CCCC1)N,O=Cc1ccc(-c2cc(-c3ccc(C=O)cc3)cc(-c3ccc(C=O)cc3)c2)cc1,turbid,56.65403581,0,0,62.9,1,2,0,114.115698455,2,2,8,-0.3,114.19,0,52.0,0.0,470.0,1.0,0.0,0.0,390.125594432,3.0,0.0,30.0,5.2,390.4,6.0,51.2,0,4
122,Di25,TriH,NCCCCCCNCCCCCCN,O=Cc1ccc(-c2cc(-c3ccc(C=O)cc3)cc(-c3ccc(C=O)cc3)c2)cc1,dissolved,22.87853675,1,0,95.0,1,0,0,215.236147938,3,3,15,0.8,215.38,12,64.1,0.0,470.0,1.0,0.0,0.0,390.125594432,3.0,0.0,30.0,5.2,390.4,6.0,51.2,0,4
123,Di26,TriH,NCCCCCCN,O=Cc1ccc(-c2cc(-c3ccc(C=O)cc3)cc(-c3ccc(C=O)cc3)c2)cc1,dissolved,22.14186467,1,0,31.5,1,0,0,116.131348519,2,2,8,-0.2,116.2,5,52.0,0.0,470.0,1.0,0.0,0.0,390.125594432,3.0,0.0,30.0,5.2,390.4,6.0,51.2,0,4
124,Di27,TriH,NCc1ccc(CN)cc1,O=Cc1ccc(-c2cc(-c3ccc(C=O)cc3)cc(-c3ccc(C=O)cc3)c2)cc1,dissolved,29.84515883,1,0,73.3,1,0,0,136.100048391,2,2,10,-0.4,136.19,2,52.0,0.0,470.0,1.0,0.0,0.0,390.125594432,3.0,0.0,30.0,5.2,390.4,6.0,51.2,1,4
125,Di28,TriH,NCC1CCC(CN)CC1,O=Cc1ccc(-c2cc(-c3ccc(C=O)cc3)cc(-c3ccc(C=O)cc3)c2)cc1,dissolved,37.93361999,1,0,73.3,1,0,0,142.146998583,2,2,10,0.1,142.24,2,52.0,0.0,470.0,1.0,0.0,0.0,390.125594432,3.0,0.0,30.0,5.2,390.4,6.0,51.2,0,4
126,Di29,TriH,CN(CCCN)CCCN,O=Cc1ccc(-c2cc(-c3ccc(C=O)cc3)cc(-c3ccc(C=O)cc3)c2)cc1,dissolved,29.82563263,1,0,57.9,1,0,0,145.157897619,3,2,10,-0.9,145.25,6,55.3,0.0,470.0,1.0,0.0,0.0,390.125594432,3.0,0.0,30.0,5.2,390.4,6.0,51.2,0,4
127,Di30,TriH,NCCOCCN,O=Cc1ccc(-c2cc(-c3ccc(C=O)cc3)cc(-c3ccc(C=O)cc3)c2)cc1,dissolved,41.3423456,1,0,28.9,1,0,0,104.094963011,3,2,7,-1.8,104.15,4,61.3,0.0,470.0,1.0,0.0,0.0,390.125594432,3.0,0.0,30.0,5.2,390.4,6.0,51.2,0,4
128,Di31,TriH,NCC1=CC(CN)=CC=C1,O=Cc1ccc(-c2cc(-c3ccc(C=O)cc3)cc(-c3ccc(C=O)cc3)c2)cc1,dissolved,29.00070714,1,0,83.3,1,0,0,136.100048391,2,2,10,-0.3,136.19,2,52.0,0.0,470.0,1.0,0.0,0.0,390.125594432,3.0,0.0,30.0,5.2,390.4,6.0,51.2,1,4
129,Di32,TriH,NCC(CN)O,O=Cc1ccc(-c2cc(-c3ccc(C=O)cc3)cc(-c3ccc(C=O)cc3)c2)cc1,dissolved,40.66597556,1,0,28.0,1,0,0,90.079312947,3,3,6,-2.3,90.12,2,72.3,0.0,470.0,1.0,0.0,0.0,390.125594432,3.0,0.0,30.0,5.2,390.4,6.0,51.2,0,4
130,Di33,TriH,NCCCC[C@H](N)C(=O)O,O=Cc1ccc(-c2cc(-c3ccc(C=O)cc3)cc(-c3ccc(C=O)cc3)c2)cc1,dissolved,23.83498797,1,0,106.0,1,1,0,146.105527694,4,3,10,-3.0,146.19,5,89.3,0.0,470.0,1.0,0.0,0.0,390.125594432,3.0,0.0,30.0,5.2,390.4,6.0,51.2,0,4
131,Di34,TriH,N[C@H]1CC[C@H](N)CC1,O=Cc1ccc(-c2cc(-c3ccc(C=O)cc3)cc(-c3ccc(C=O)cc3)c2)cc1,dissolved,25.95746998,1,0,54.9,1,0,0,114.115698455,2,2,8,-0.3,114.19,0,52.0,0.0,470.0,1.0,0.0,0.0,390.125594432,3.0,0.0,30.0,5.2,390.4,6.0,51.2,0,4
132,Di17,TriI,NCCN,O=Cc1cc(C=O)c(O)c(C=O)c1,turbid,83.86194316,0,0,6.0,1,0,0,60.068748264,2,2,4,-2.0,60.1,1,52.0,0.0,196.0,1.0,0.0,0.0,178.02660867,4.0,1.0,13.0,0.5,178.14,3.0,71.4,0,1
133,Di18,TriI,CC(C)(CN)CN,O=Cc1cc(C=O)c(O)c(C=O)c1,turbid,61.93776081,0,0,44.0,1,0,0,102.115698455,2,2,7,-0.5,102.18,2,52.0,0.0,196.0,1.0,0.0,0.0,178.02660867,4.0,1.0,13.0,0.5,178.14,3.0,71.4,0,1
134,Di19,TriI,N[C@H]1CN(Cc2ccccc2)C[C@@H]1N,O=Cc1cc(C=O)c(O)c(C=O)c1,turbid,89.53766469,0,0,167.0,1,2,0,191.142247555,3,2,14,-0.2,191.27,2,55.3,0.0,196.0,1.0,0.0,0.0,178.02660867,4.0,1.0,13.0,0.5,178.14,3.0,71.4,1,1
135,Di20,TriI,N[C@H]([C@H](C1=CC=CC=C1)N)C2=CC=CC=C2,O=Cc1cc(C=O)c(O)c(C=O)c1,turbid,62.71582139,0,0,171.0,1,2,0,212.131348519,2,2,16,1.4,212.29,3,52.0,0.0,196.0,1.0,0.0,0.0,178.02660867,4.0,1.0,13.0,0.5,178.14,3.0,71.4,2,1
136,Di21,TriI,Nc1ccc(Oc2ccc(N)cc2)cc1,O=Cc1cc(C=O)c(O)c(C=O)c1,turbid,84.92358733,0,0,162.0,1,0,0,200.094963011,3,2,15,1.4,200.24,2,61.3,0.0,196.0,1.0,0.0,0.0,178.02660867,4.0,1.0,13.0,0.5,178.14,3.0,71.4,2,1
137,Di22,TriI,NC1=NON=C1N,O=Cc1cc(C=O)c(O)c(C=O)c1,turbid,60.9245648,0,0,58.7,1,0,0,100.03851076,5,2,7,-0.5,100.08,0,91.0,0.0,196.0,1.0,0.0,0.0,178.02660867,4.0,1.0,13.0,0.5,178.14,3.0,71.4,1,1
138,Di23,TriI,N[C@H]1CCC[C@H](C1)N,O=Cc1cc(C=O)c(O)c(C=O)c1,turbid,72.87311579,0,0,64.9,1,2,0,114.115698455,2,2,8,-0.3,114.19,0,52.0,0.0,196.0,1.0,0.0,0.0,178.02660867,4.0,1.0,13.0,0.5,178.14,3.0,71.4,0,1
139,Di24,TriI,N[C@@H]1[C@H](CCCC1)N,O=Cc1cc(C=O)c(O)c(C=O)c1,turbid,65.36612159,0,0,62.9,1,2,0,114.115698455,2,2,8,-0.3,114.19,0,52.0,0.0,196.0,1.0,0.0,0.0,178.02660867,4.0,1.0,13.0,0.5,178.14,3.0,71.4,0,1
140,Di25,TriI,NCCCCCCNCCCCCCN,O=Cc1cc(C=O)c(O)c(C=O)c1,dissolved,22.91995936,1,0,95.0,1,0,0,215.236147938,3,3,15,0.8,215.38,12,64.1,0.0,196.0,1.0,0.0,0.0,178.02660867,4.0,1.0,13.0,0.5,178.14,3.0,71.4,0,1
141,Di26,TriI,NCCCCCCN,O=Cc1cc(C=O)c(O)c(C=O)c1,dissolved,22.19667132,1,0,31.5,1,0,0,116.131348519,2,2,8,-0.2,116.2,5,52.0,0.0,196.0,1.0,0.0,0.0,178.02660867,4.0,1.0,13.0,0.5,178.14,3.0,71.4,0,1
142,Di27,TriI,NCc1ccc(CN)cc1,O=Cc1cc(C=O)c(O)c(C=O)c1,dissolved,28.94304655,1,0,73.3,1,0,0,136.100048391,2,2,10,-0.4,136.19,2,52.0,0.0,196.0,1.0,0.0,0.0,178.02660867,4.0,1.0,13.0,0.5,178.14,3.0,71.4,1,1
143,Di28,TriI,NCC1CCC(CN)CC1,O=Cc1cc(C=O)c(O)c(C=O)c1,dissolved,23.71568302,1,0,73.3,1,0,0,142.146998583,2,2,10,0.1,142.24,2,52.0,0.0,196.0,1.0,0.0,0.0,178.02660867,4.0,1.0,13.0,0.5,178.14,3.0,71.4,0,1
144,Di29,TriI,CN(CCCN)CCCN,O=Cc1cc(C=O)c(O)c(C=O)c1,dissolved,23.52242673,1,0,57.9,1,0,0,145.157897619,3,2,10,-0.9,145.25,6,55.3,0.0,196.0,1.0,0.0,0.0,178.02660867,4.0,1.0,13.0,0.5,178.14,3.0,71.4,0,1
145,Di30,TriI,NCCOCCN,O=Cc1cc(C=O)c(O)c(C=O)c1,dissolved,23.12432122,1,0,28.9,1,0,0,104.094963011,3,2,7,-1.8,104.15,4,61.3,0.0,196.0,1.0,0.0,0.0,178.02660867,4.0,1.0,13.0,0.5,178.14,3.0,71.4,0,1
146,Di31,TriI,NCC1=CC(CN)=CC=C1,O=Cc1cc(C=O)c(O)c(C=O)c1,dissolved,23.98914524,1,0,83.3,1,0,0,136.100048391,2,2,10,-0.3,136.19,2,52.0,0.0,196.0,1.0,0.0,0.0,178.02660867,4.0,1.0,13.0,0.5,178.14,3.0,71.4,1,1
147,Di32,TriI,NCC(CN)O,O=Cc1cc(C=O)c(O)c(C=O)c1,turbid,76.54460144,0,0,28.0,1,0,0,90.079312947,3,3,6,-2.3,90.12,2,72.3,0.0,196.0,1.0,0.0,0.0,178.02660867,4.0,1.0,13.0,0.5,178.14,3.0,71.4,0,1
148,Di33,TriI,NCCCC[C@H](N)C(=O)O,O=Cc1cc(C=O)c(O)c(C=O)c1,dissolved,29.38309341,1,0,106.0,1,1,0,146.105527694,4,3,10,-3.0,146.19,5,89.3,0.0,196.0,1.0,0.0,0.0,178.02660867,4.0,1.0,13.0,0.5,178.14,3.0,71.4,0,1
149,Di34,TriI,N[C@H]1CC[C@H](N)CC1,O=Cc1cc(C=O)c(O)c(C=O)c1,dissolved,39.73152681,1,0,54.9,1,0,0,114.115698455,2,2,8,-0.3,114.19,0,52.0,0.0,196.0,1.0,0.0,0.0,178.02660867,4.0,1.0,13.0,0.5,178.14,3.0,71.4,0,1
150,Di17,TriJ,NCCN,O=Cc1ccc(N(c2ccc(C=O)cc2)c2ccc(C=O)cc2)cc1,turbid,63.44495347,0,0,6.0,1,0,0,60.068748264,2,2,4,-2.0,60.1,1,52.0,0.0,376.0,1.0,0.0,0.0,329.10519334,4.0,0.0,25.0,3.5,329.3,6.0,54.4,0,3
151,Di18,TriJ,CC(C)(CN)CN,O=Cc1ccc(N(c2ccc(C=O)cc2)c2ccc(C=O)cc2)cc1,turbid,56.27963064,0,0,44.0,1,0,0,102.115698455,2,2,7,-0.5,102.18,2,52.0,0.0,376.0,1.0,0.0,0.0,329.10519334,4.0,0.0,25.0,3.5,329.3,6.0,54.4,0,3
152,Di19,TriJ,N[C@H]1CN(Cc2ccccc2)C[C@@H]1N,O=Cc1ccc(N(c2ccc(C=O)cc2)c2ccc(C=O)cc2)cc1,turbid,76.46707206,0,0,167.0,1,2,0,191.142247555,3,2,14,-0.2,191.27,2,55.3,0.0,376.0,1.0,0.0,0.0,329.10519334,4.0,0.0,25.0,3.5,329.3,6.0,54.4,1,3
153,Di20,TriJ,N[C@H]([C@H](C1=CC=CC=C1)N)C2=CC=CC=C2,O=Cc1ccc(N(c2ccc(C=O)cc2)c2ccc(C=O)cc2)cc1,turbid,75.48936471,0,0,171.0,1,2,0,212.131348519,2,2,16,1.4,212.29,3,52.0,0.0,376.0,1.0,0.0,0.0,329.10519334,4.0,0.0,25.0,3.5,329.3,6.0,54.4,2,3
154,Di21,TriJ,Nc1ccc(Oc2ccc(N)cc2)cc1,O=Cc1ccc(N(c2ccc(C=O)cc2)c2ccc(C=O)cc2)cc1,turbid,58.94630276,0,0,162.0,1,0,0,200.094963011,3,2,15,1.4,200.24,2,61.3,0.0,376.0,1.0,0.0,0.0,329.10519334,4.0,0.0,25.0,3.5,329.3,6.0,54.4,2,3
155,Di22,TriJ,NC1=NON=C1N,O=Cc1ccc(N(c2ccc(C=O)cc2)c2ccc(C=O)cc2)cc1,turbid,55.70003993,0,0,58.7,1,0,0,100.03851076,5,2,7,-0.5,100.08,0,91.0,0.0,376.0,1.0,0.0,0.0,329.10519334,4.0,0.0,25.0,3.5,329.3,6.0,54.4,1,3
156,Di23,TriJ,N[C@H]1CCC[C@H](C1)N,O=Cc1ccc(N(c2ccc(C=O)cc2)c2ccc(C=O)cc2)cc1,turbid,58.05655336,0,0,64.9,1,2,0,114.115698455,2,2,8,-0.3,114.19,0,52.0,0.0,376.0,1.0,0.0,0.0,329.10519334,4.0,0.0,25.0,3.5,329.3,6.0,54.4,0,3
157,Di24,TriJ,N[C@@H]1[C@H](CCCC1)N,O=Cc1ccc(N(c2ccc(C=O)cc2)c2ccc(C=O)cc2)cc1,turbid,59.68118731,0,0,62.9,1,2,0,114.115698455,2,2,8,-0.3,114.19,0,52.0,0.0,376.0,1.0,0.0,0.0,329.10519334,4.0,0.0,25.0,3.5,329.3,6.0,54.4,0,3
158,Di25,TriJ,NCCCCCCNCCCCCCN,O=Cc1ccc(N(c2ccc(C=O)cc2)c2ccc(C=O)cc2)cc1,dissolved,23.24295648,1,0,95.0,1,0,0,215.236147938,3,3,15,0.8,215.38,12,64.1,0.0,376.0,1.0,0.0,0.0,329.10519334,4.0,0.0,25.0,3.5,329.3,6.0,54.4,0,3
159,Di26,TriJ,NCCCCCCN,O=Cc1ccc(N(c2ccc(C=O)cc2)c2ccc(C=O)cc2)cc1,dissolved,23.57234958,1,0,31.5,1,0,0,116.131348519,2,2,8,-0.2,116.2,5,52.0,0.0,376.0,1.0,0.0,0.0,329.10519334,4.0,0.0,25.0,3.5,329.3,6.0,54.4,0,3
160,Di27,TriJ,NCc1ccc(CN)cc1,O=Cc1ccc(N(c2ccc(C=O)cc2)c2ccc(C=O)cc2)cc1,dissolved,23.67542071,1,0,73.3,1,0,0,136.100048391,2,2,10,-0.4,136.19,2,52.0,0.0,376.0,1.0,0.0,0.0,329.10519334,4.0,0.0,25.0,3.5,329.3,6.0,54.4,1,3
161,Di28,TriJ,NCC1CCC(CN)CC1,O=Cc1ccc(N(c2ccc(C=O)cc2)c2ccc(C=O)cc2)cc1,dissolved,23.4157196,1,0,73.3,1,0,0,142.146998583,2,2,10,0.1,142.24,2,52.0,0.0,376.0,1.0,0.0,0.0,329.10519334,4.0,0.0,25.0,3.5,329.3,6.0,54.4,0,3
162,Di29,TriJ,CN(CCCN)CCCN,O=Cc1ccc(N(c2ccc(C=O)cc2)c2ccc(C=O)cc2)cc1,dissolved,23.092023,1,0,57.9,1,0,0,145.157897619,3,2,10,-0.9,145.25,6,55.3,0.0,376.0,1.0,0.0,0.0,329.10519334,4.0,0.0,25.0,3.5,329.3,6.0,54.4,0,3
163,Di30,TriJ,NCCOCCN,O=Cc1ccc(N(c2ccc(C=O)cc2)c2ccc(C=O)cc2)cc1,dissolved,22.4242925,1,0,28.9,1,0,0,104.094963011,3,2,7,-1.8,104.15,4,61.3,0.0,376.0,1.0,0.0,0.0,329.10519334,4.0,0.0,25.0,3.5,329.3,6.0,54.4,0,3
164,Di31,TriJ,NCC1=CC(CN)=CC=C1,O=Cc1ccc(N(c2ccc(C=O)cc2)c2ccc(C=O)cc2)cc1,dissolved,23.03460712,1,0,83.3,1,0,0,136.100048391,2,2,10,-0.3,136.19,2,52.0,0.0,376.0,1.0,0.0,0.0,329.10519334,4.0,0.0,25.0,3.5,329.3,6.0,54.4,1,3
165,Di32,TriJ,NCC(CN)O,O=Cc1ccc(N(c2ccc(C=O)cc2)c2ccc(C=O)cc2)cc1,dissolved,24.85310879,1,0,28.0,1,0,0,90.079312947,3,3,6,-2.3,90.12,2,72.3,0.0,376.0,1.0,0.0,0.0,329.10519334,4.0,0.0,25.0,3.5,329.3,6.0,54.4,0,3
166,Di33,TriJ,NCCCC[C@H](N)C(=O)O,O=Cc1ccc(N(c2ccc(C=O)cc2)c2ccc(C=O)cc2)cc1,dissolved,24.35711976,1,0,106.0,1,1,0,146.105527694,4,3,10,-3.0,146.19,5,89.3,0.0,376.0,1.0,0.0,0.0,329.10519334,4.0,0.0,25.0,3.5,329.3,6.0,54.4,0,3
167,Di34,TriJ,N[C@H]1CC[C@H](N)CC1,O=Cc1ccc(N(c2ccc(C=O)cc2)c2ccc(C=O)cc2)cc1,dissolved,23.73036544,1,0,54.9,1,0,0,114.115698455,2,2,8,-0.3,114.19,0,52.0,0.0,376.0,1.0,0.0,0.0,329.10519334,4.0,0.0,25.0,3.5,329.3,6.0,54.4,0,3
168,Di17,TriK,NCCN,O=Cc1ccc(-c2nc(-c3ccc(C=O)cc3)nc(-c3ccc(C=O)cc3)n2)cc1,turbid,87.09118778,0,0,6.0,1,0,0,60.068748264,2,2,4,-2.0,60.1,1,52.0,0.0,483.0,1.0,0.0,0.0,393.11134135,6.0,0.0,30.0,3.3,393.4,6.0,89.9,0,4
169,Di18,TriK,CC(C)(CN)CN,O=Cc1ccc(-c2nc(-c3ccc(C=O)cc3)nc(-c3ccc(C=O)cc3)n2)cc1,turbid,73.82004893,0,0,44.0,1,0,0,102.115698455,2,2,7,-0.5,102.18,2,52.0,0.0,483.0,1.0,0.0,0.0,393.11134135,6.0,0.0,30.0,3.3,393.4,6.0,89.9,0,4
170,Di19,TriK,N[C@H]1CN(Cc2ccccc2)C[C@@H]1N,O=Cc1ccc(-c2nc(-c3ccc(C=O)cc3)nc(-c3ccc(C=O)cc3)n2)cc1,turbid,86.65687546,0,0,167.0,1,2,0,191.142247555,3,2,14,-0.2,191.27,2,55.3,0.0,483.0,1.0,0.0,0.0,393.11134135,6.0,0.0,30.0,3.3,393.4,6.0,89.9,1,4
171,Di20,TriK,N[C@H]([C@H](C1=CC=CC=C1)N)C2=CC=CC=C2,O=Cc1ccc(-c2nc(-c3ccc(C=O)cc3)nc(-c3ccc(C=O)cc3)n2)cc1,turbid,58.44598645,0,0,171.0,1,2,0,212.131348519,2,2,16,1.4,212.29,3,52.0,0.0,483.0,1.0,0.0,0.0,393.11134135,6.0,0.0,30.0,3.3,393.4,6.0,89.9,2,4
172,Di21,TriK,Nc1ccc(Oc2ccc(N)cc2)cc1,O=Cc1ccc(-c2nc(-c3ccc(C=O)cc3)nc(-c3ccc(C=O)cc3)n2)cc1,turbid,78.86106215,0,0,162.0,1,0,0,200.094963011,3,2,15,1.4,200.24,2,61.3,0.0,483.0,1.0,0.0,0.0,393.11134135,6.0,0.0,30.0,3.3,393.4,6.0,89.9,2,4
173,Di22,TriK,NC1=NON=C1N,O=Cc1ccc(-c2nc(-c3ccc(C=O)cc3)nc(-c3ccc(C=O)cc3)n2)cc1,turbid,67.12891228,0,0,58.7,1,0,0,100.03851076,5,2,7,-0.5,100.08,0,91.0,0.0,483.0,1.0,0.0,0.0,393.11134135,6.0,0.0,30.0,3.3,393.4,6.0,89.9,1,4
174,Di23,TriK,N[C@H]1CCC[C@H](C1)N,O=Cc1ccc(-c2nc(-c3ccc(C=O)cc3)nc(-c3ccc(C=O)cc3)n2)cc1,turbid,69.75045967,0,0,64.9,1,2,0,114.115698455,2,2,8,-0.3,114.19,0,52.0,0.0,483.0,1.0,0.0,0.0,393.11134135,6.0,0.0,30.0,3.3,393.4,6.0,89.9,0,4
175,Di24,TriK,N[C@@H]1[C@H](CCCC1)N,O=Cc1ccc(-c2nc(-c3ccc(C=O)cc3)nc(-c3ccc(C=O)cc3)n2)cc1,turbid,70.4465463,0,0,62.9,1,2,0,114.115698455,2,2,8,-0.3,114.19,0,52.0,0.0,483.0,1.0,0.0,0.0,393.11134135,6.0,0.0,30.0,3.3,393.4,6.0,89.9,0,4
176,Di25,TriK,NCCCCCCNCCCCCCN,O=Cc1ccc(-c2nc(-c3ccc(C=O)cc3)nc(-c3ccc(C=O)cc3)n2)cc1,dissolved,34.3600004,1,0,95.0,1,0,0,215.236147938,3,3,15,0.8,215.38,12,64.1,0.0,483.0,1.0,0.0,0.0,393.11134135,6.0,0.0,30.0,3.3,393.4,6.0,89.9,0,4
177,Di26,TriK,NCCCCCCN,O=Cc1ccc(-c2nc(-c3ccc(C=O)cc3)nc(-c3ccc(C=O)cc3)n2)cc1,dissolved,26.66618593,1,0,31.5,1,0,0,116.131348519,2,2,8,-0.2,116.2,5,52.0,0.0,483.0,1.0,0.0,0.0,393.11134135,6.0,0.0,30.0,3.3,393.4,6.0,89.9,0,4
178,Di27,TriK,NCc1ccc(CN)cc1,O=Cc1ccc(-c2nc(-c3ccc(C=O)cc3)nc(-c3ccc(C=O)cc3)n2)cc1,turbid,55.2946375,0,0,73.3,1,0,0,136.100048391,2,2,10,-0.4,136.19,2,52.0,0.0,483.0,1.0,0.0,0.0,393.11134135,6.0,0.0,30.0,3.3,393.4,6.0,89.9,1,4
179,Di28,TriK,NCC1CCC(CN)CC1,O=Cc1ccc(-c2nc(-c3ccc(C=O)cc3)nc(-c3ccc(C=O)cc3)n2)cc1,turbid,70.7437672,0,0,73.3,1,0,0,142.146998583,2,2,10,0.1,142.24,2,52.0,0.0,483.0,1.0,0.0,0.0,393.11134135,6.0,0.0,30.0,3.3,393.4,6.0,89.9,0,4
180,Di29,TriK,CN(CCCN)CCCN,O=Cc1ccc(-c2nc(-c3ccc(C=O)cc3)nc(-c3ccc(C=O)cc3)n2)cc1,dissolved,23.69247433,1,0,57.9,1,0,0,145.157897619,3,2,10,-0.9,145.25,6,55.3,0.0,483.0,1.0,0.0,0.0,393.11134135,6.0,0.0,30.0,3.3,393.4,6.0,89.9,0,4
181,Di30,TriK,NCCOCCN,O=Cc1ccc(-c2nc(-c3ccc(C=O)cc3)nc(-c3ccc(C=O)cc3)n2)cc1,dissolved,25.92930431,1,0,28.9,1,0,0,104.094963011,3,2,7,-1.8,104.15,4,61.3,0.0,483.0,1.0,0.0,0.0,393.11134135,6.0,0.0,30.0,3.3,393.4,6.0,89.9,0,4
182,Di31,TriK,NCC1=CC(CN)=CC=C1,O=Cc1ccc(-c2nc(-c3ccc(C=O)cc3)nc(-c3ccc(C=O)cc3)n2)cc1,dissolved,30.45721994,1,0,83.3,1,0,0,136.100048391,2,2,10,-0.3,136.19,2,52.0,0.0,483.0,1.0,0.0,0.0,393.11134135,6.0,0.0,30.0,3.3,393.4,6.0,89.9,1,4
183,Di32,TriK,NCC(CN)O,O=Cc1ccc(-c2nc(-c3ccc(C=O)cc3)nc(-c3ccc(C=O)cc3)n2)cc1,dissolved,34.29146574,1,0,28.0,1,0,0,90.079312947,3,3,6,-2.3,90.12,2,72.3,0.0,483.0,1.0,0.0,0.0,393.11134135,6.0,0.0,30.0,3.3,393.4,6.0,89.9,0,4
184,Di33,TriK,NCCCC[C@H](N)C(=O)O,O=Cc1ccc(-c2nc(-c3ccc(C=O)cc3)nc(-c3ccc(C=O)cc3)n2)cc1,dissolved,22.37968312,1,0,106.0,1,1,0,146.105527694,4,3,10,-3.0,146.19,5,89.3,0.0,483.0,1.0,0.0,0.0,393.11134135,6.0,0.0,30.0,3.3,393.4,6.0,89.9,0,4
185,Di34,TriK,N[C@H]1CC[C@H](N)CC1,O=Cc1ccc(-c2nc(-c3ccc(C=O)cc3)nc(-c3ccc(C=O)cc3)n2)cc1,dissolved,49.93475773,1,0,54.9,1,0,0,114.115698455,2,2,8,-0.3,114.19,0,52.0,0.0,483.0,1.0,0.0,0.0,393.11134135,6.0,0.0,30.0,3.3,393.4,6.0,89.9,0,4
186,Di17,TriL,NCCN,O=Cc1ccc(C#Cc2cc(C#Cc3ccc(C=O)cc3)cc(C#Cc3ccc(C=O)cc3)c2)cc1,turbid,78.39322527,0,0,6.0,1,0,0,60.068748264,2,2,4,-2.0,60.1,1,52.0,0.0,819.0,1.0,0.0,0.0,462.125594432,3.0,0.0,36.0,6.4,462.5,9.0,51.2,0,4
187,Di18,TriL,CC(C)(CN)CN,O=Cc1ccc(C#Cc2cc(C#Cc3ccc(C=O)cc3)cc(C#Cc3ccc(C=O)cc3)c2)cc1,turbid,78.81979078,0,0,44.0,1,0,0,102.115698455,2,2,7,-0.5,102.18,2,52.0,0.0,819.0,1.0,0.0,0.0,462.125594432,3.0,0.0,36.0,6.4,462.5,9.0,51.2,0,4
188,Di19,TriL,N[C@H]1CN(Cc2ccccc2)C[C@@H]1N,O=Cc1ccc(C#Cc2cc(C#Cc3ccc(C=O)cc3)cc(C#Cc3ccc(C=O)cc3)c2)cc1,turbid,88.27842427,0,0,167.0,1,2,0,191.142247555,3,2,14,-0.2,191.27,2,55.3,0.0,819.0,1.0,0.0,0.0,462.125594432,3.0,0.0,36.0,6.4,462.5,9.0,51.2,1,4
189,Di20,TriL,N[C@H]([C@H](C1=CC=CC=C1)N)C2=CC=CC=C2,O=Cc1ccc(C#Cc2cc(C#Cc3ccc(C=O)cc3)cc(C#Cc3ccc(C=O)cc3)c2)cc1,turbid,70.3509728,0,0,171.0,1,2,0,212.131348519,2,2,16,1.4,212.29,3,52.0,0.0,819.0,1.0,0.0,0.0,462.125594432,3.0,0.0,36.0,6.4,462.5,9.0,51.2,2,4
190,Di21,TriL,Nc1ccc(Oc2ccc(N)cc2)cc1,O=Cc1ccc(C#Cc2cc(C#Cc3ccc(C=O)cc3)cc(C#Cc3ccc(C=O)cc3)c2)cc1,turbid,74.53518242,0,0,162.0,1,0,0,200.094963011,3,2,15,1.4,200.24,2,61.3,0.0,819.0,1.0,0.0,0.0,462.125594432,3.0,0.0,36.0,6.4,462.5,9.0,51.2,2,4
191,Di22,TriL,NC1=NON=C1N,O=Cc1ccc(C#Cc2cc(C#Cc3ccc(C=O)cc3)cc(C#Cc3ccc(C=O)cc3)c2)cc1,turbid,73.44166798,0,0,58.7,1,0,0,100.03851076,5,2,7,-0.5,100.08,0,91.0,0.0,819.0,1.0,0.0,0.0,462.125594432,3.0,0.0,36.0,6.4,462.5,9.0,51.2,1,4
192,Di23,TriL,N[C@H]1CCC[C@H](C1)N,O=Cc1ccc(C#Cc2cc(C#Cc3ccc(C=O)cc3)cc(C#Cc3ccc(C=O)cc3)c2)cc1,turbid,84.75813548,0,0,64.9,1,2,0,114.115698455,2,2,8,-0.3,114.19,0,52.0,0.0,819.0,1.0,0.0,0.0,462.125594432,3.0,0.0,36.0,6.4,462.5,9.0,51.2,0,4
193,Di24,TriL,N[C@@H]1[C@H](CCCC1)N,O=Cc1ccc(C#Cc2cc(C#Cc3ccc(C=O)cc3)cc(C#Cc3ccc(C=O)cc3)c2)cc1,turbid,76.39077126,0,0,62.9,1,2,0,114.115698455,2,2,8,-0.3,114.19,0,52.0,0.0,819.0,1.0,0.0,0.0,462.125594432,3.0,0.0,36.0,6.4,462.5,9.0,51.2,0,4
194,Di25,TriL,NCCCCCCNCCCCCCN,O=Cc1ccc(C#Cc2cc(C#Cc3ccc(C=O)cc3)cc(C#Cc3ccc(C=O)cc3)c2)cc1,dissolved,33.96746117,1,0,95.0,1,0,0,215.236147938,3,3,15,0.8,215.38,12,64.1,0.0,819.0,1.0,0.0,0.0,462.125594432,3.0,0.0,36.0,6.4,462.5,9.0,51.2,0,4
195,Di26,TriL,NCCCCCCN,O=Cc1ccc(C#Cc2cc(C#Cc3ccc(C=O)cc3)cc(C#Cc3ccc(C=O)cc3)c2)cc1,dissolved,39.33786798,1,0,31.5,1,0,0,116.131348519,2,2,8,-0.2,116.2,5,52.0,0.0,819.0,1.0,0.0,0.0,462.125594432,3.0,0.0,36.0,6.4,462.5,9.0,51.2,0,4
196,Di27,TriL,NCc1ccc(CN)cc1,O=Cc1ccc(C#Cc2cc(C#Cc3ccc(C=O)cc3)cc(C#Cc3ccc(C=O)cc3)c2)cc1,turbid,56.66991136,0,0,73.3,1,0,0,136.100048391,2,2,10,-0.4,136.19,2,52.0,0.0,819.0,1.0,0.0,0.0,462.125594432,3.0,0.0,36.0,6.4,462.5,9.0,51.2,1,4
197,Di28,TriL,NCC1CCC(CN)CC1,O=Cc1ccc(C#Cc2cc(C#Cc3ccc(C=O)cc3)cc(C#Cc3ccc(C=O)cc3)c2)cc1,dissolved,42.00698555,1,0,73.3,1,0,0,142.146998583,2,2,10,0.1,142.24,2,52.0,0.0,819.0,1.0,0.0,0.0,462.125594432,3.0,0.0,36.0,6.4,462.5,9.0,51.2,0,4
198,Di29,TriL,CN(CCCN)CCCN,O=Cc1ccc(C#Cc2cc(C#Cc3ccc(C=O)cc3)cc(C#Cc3ccc(C=O)cc3)c2)cc1,dissolved,44.66062931,1,0,57.9,1,0,0,145.157897619,3,2,10,-0.9,145.25,6,55.3,0.0,819.0,1.0,0.0,0.0,462.125594432,3.0,0.0,36.0,6.4,462.5,9.0,51.2,0,4
199,Di30,TriL,NCCOCCN,O=Cc1ccc(C#Cc2cc(C#Cc3ccc(C=O)cc3)cc(C#Cc3ccc(C=O)cc3)c2)cc1,dissolved,38.17159907,1,0,28.9,1,0,0,104.094963011,3,2,7,-1.8,104.15,4,61.3,0.0,819.0,1.0,0.0,0.0,462.125594432,3.0,0.0,36.0,6.4,462.5,9.0,51.2,0,4
200,Di31,TriL,NCC1=CC(CN)=CC=C1,O=Cc1ccc(C#Cc2cc(C#Cc3ccc(C=O)cc3)cc(C#Cc3ccc(C=O)cc3)c2)cc1,turbid,61.34452366,0,0,83.3,1,0,0,136.100048391,2,2,10,-0.3,136.19,2,52.0,0.0,819.0,1.0,0.0,0.0,462.125594432,3.0,0.0,36.0,6.4,462.5,9.0,51.2,1,4
201,Di32,TriL,NCC(CN)O,O=Cc1ccc(C#Cc2cc(C#Cc3ccc(C=O)cc3)cc(C#Cc3ccc(C=O)cc3)c2)cc1,dissolved,45.29187364,1,0,28.0,1,0,0,90.079312947,3,3,6,-2.3,90.12,2,72.3,0.0,819.0,1.0,0.0,0.0,462.125594432,3.0,0.0,36.0,6.4,462.5,9.0,51.2,0,4
202,Di33,TriL,NCCCC[C@H](N)C(=O)O,O=Cc1ccc(C#Cc2cc(C#Cc3ccc(C=O)cc3)cc(C#Cc3ccc(C=O)cc3)c2)cc1,dissolved,36.16582465,1,0,106.0,1,1,0,146.105527694,4,3,10,-3.0,146.19,5,89.3,0.0,819.0,1.0,0.0,0.0,462.125594432,3.0,0.0,36.0,6.4,462.5,9.0,51.2,0,4
203,Di34,TriL,N[C@H]1CC[C@H](N)CC1,O=Cc1ccc(C#Cc2cc(C#Cc3ccc(C=O)cc3)cc(C#Cc3ccc(C=O)cc3)c2)cc1,dissolved,47.60715697,1,0,54.9,1,0,0,114.115698455,2,2,8,-0.3,114.19,0,52.0,0.0,819.0,1.0,0.0,0.0,462.125594432,3.0,0.0,36.0,6.4,462.5,9.0,51.2,0,4
204,Di17,TriM,NCCN,O=Cc1cccc(-c2cc(-c3cccc(C=O)c3)cc(-c3cccc(C=O)c3)c2)c1,turbid,65.02878203,0,0,6.0,1,0,0,60.068748264,2,2,4,-2.0,60.1,1,52.0,0.0,494.0,1.0,0.0,0.0,390.125594432,3.0,0.0,30.0,5.2,390.4,6.0,51.2,0,4
205,Di18,TriM,CC(C)(CN)CN,O=Cc1cccc(-c2cc(-c3cccc(C=O)c3)cc(-c3cccc(C=O)c3)c2)c1,dissolved,53.9615568,1,0,44.0,1,0,0,102.115698455,2,2,7,-0.5,102.18,2,52.0,0.0,494.0,1.0,0.0,0.0,390.125594432,3.0,0.0,30.0,5.2,390.4,6.0,51.2,0,4
206,Di19,TriM,N[C@H]1CN(Cc2ccccc2)C[C@@H]1N,O=Cc1cccc(-c2cc(-c3cccc(C=O)c3)cc(-c3cccc(C=O)c3)c2)c1,turbid,72.24668806,0,0,167.0,1,2,0,191.142247555,3,2,14,-0.2,191.27,2,55.3,0.0,494.0,1.0,0.0,0.0,390.125594432,3.0,0.0,30.0,5.2,390.4,6.0,51.2,1,4
207,Di20,TriM,N[C@H]([C@H](C1=CC=CC=C1)N)C2=CC=CC=C2,O=Cc1cccc(-c2cc(-c3cccc(C=O)c3)cc(-c3cccc(C=O)c3)c2)c1,dissolved,54.58359706,1,0,171.0,1,2,0,212.131348519,2,2,16,1.4,212.29,3,52.0,0.0,494.0,1.0,0.0,0.0,390.125594432,3.0,0.0,30.0,5.2,390.4,6.0,51.2,2,4
208,Di21,TriM,Nc1ccc(Oc2ccc(N)cc2)cc1,O=Cc1cccc(-c2cc(-c3cccc(C=O)c3)cc(-c3cccc(C=O)c3)c2)c1,turbid,56.87662859,0,0,162.0,1,0,0,200.094963011,3,2,15,1.4,200.24,2,61.3,0.0,494.0,1.0,0.0,0.0,390.125594432,3.0,0.0,30.0,5.2,390.4,6.0,51.2,2,4
209,Di22,TriM,NC1=NON=C1N,O=Cc1cccc(-c2cc(-c3cccc(C=O)c3)cc(-c3cccc(C=O)c3)c2)c1,turbid,64.17262419,0,0,58.7,1,0,0,100.03851076,5,2,7,-0.5,100.08,0,91.0,0.0,494.0,1.0,0.0,0.0,390.125594432,3.0,0.0,30.0,5.2,390.4,6.0,51.2,1,4
210,Di23,TriM,N[C@H]1CCC[C@H](C1)N,O=Cc1cccc(-c2cc(-c3cccc(C=O)c3)cc(-c3cccc(C=O)c3)c2)c1,turbid,66.15486661,0,0,64.9,1,2,0,114.115698455,2,2,8,-0.3,114.19,0,52.0,0.0,494.0,1.0,0.0,0.0,390.125594432,3.0,0.0,30.0,5.2,390.4,6.0,51.2,0,4
211,Di24,TriM,N[C@@H]1[C@H](CCCC1)N,O=Cc1cccc(-c2cc(-c3cccc(C=O)c3)cc(-c3cccc(C=O)c3)c2)c1,dissolved,52.32418524,1,0,62.9,1,2,0,114.115698455,2,2,8,-0.3,114.19,0,52.0,0.0,494.0,1.0,0.0,0.0,390.125594432,3.0,0.0,30.0,5.2,390.4,6.0,51.2,0,4
212,Di25,TriM,NCCCCCCNCCCCCCN,O=Cc1cccc(-c2cc(-c3cccc(C=O)c3)cc(-c3cccc(C=O)c3)c2)c1,dissolved,31.96929818,1,0,95.0,1,0,0,215.236147938,3,3,15,0.8,215.38,12,64.1,0.0,494.0,1.0,0.0,0.0,390.125594432,3.0,0.0,30.0,5.2,390.4,6.0,51.2,0,4
213,Di26,TriM,NCCCCCCN,O=Cc1cccc(-c2cc(-c3cccc(C=O)c3)cc(-c3cccc(C=O)c3)c2)c1,dissolved,29.94053298,1,0,31.5,1,0,0,116.131348519,2,2,8,-0.2,116.2,5,52.0,0.0,494.0,1.0,0.0,0.0,390.125594432,3.0,0.0,30.0,5.2,390.4,6.0,51.2,0,4
214,Di27,TriM,NCc1ccc(CN)cc1,O=Cc1cccc(-c2cc(-c3cccc(C=O)c3)cc(-c3cccc(C=O)c3)c2)c1,dissolved,30.16188451,1,0,73.3,1,0,0,136.100048391,2,2,10,-0.4,136.19,2,52.0,0.0,494.0,1.0,0.0,0.0,390.125594432,3.0,0.0,30.0,5.2,390.4,6.0,51.2,1,4
215,Di28,TriM,NCC1CCC(CN)CC1,O=Cc1cccc(-c2cc(-c3cccc(C=O)c3)cc(-c3cccc(C=O)c3)c2)c1,dissolved,34.51847849,1,0,73.3,1,0,0,142.146998583,2,2,10,0.1,142.24,2,52.0,0.0,494.0,1.0,0.0,0.0,390.125594432,3.0,0.0,30.0,5.2,390.4,6.0,51.2,0,4
216,Di29,TriM,CN(CCCN)CCCN,O=Cc1cccc(-c2cc(-c3cccc(C=O)c3)cc(-c3cccc(C=O)c3)c2)c1,dissolved,30.93965291,1,0,57.9,1,0,0,145.157897619,3,2,10,-0.9,145.25,6,55.3,0.0,494.0,1.0,0.0,0.0,390.125594432,3.0,0.0,30.0,5.2,390.4,6.0,51.2,0,4
217,Di30,TriM,NCCOCCN,O=Cc1cccc(-c2cc(-c3cccc(C=O)c3)cc(-c3cccc(C=O)c3)c2)c1,dissolved,28.89263817,1,0,28.9,1,0,0,104.094963011,3,2,7,-1.8,104.15,4,61.3,0.0,494.0,1.0,0.0,0.0,390.125594432,3.0,0.0,30.0,5.2,390.4,6.0,51.2,0,4
218,Di31,TriM,NCC1=CC(CN)=CC=C1,O=Cc1cccc(-c2cc(-c3cccc(C=O)c3)cc(-c3cccc(C=O)c3)c2)c1,dissolved,46.4964626,1,0,83.3,1,0,0,136.100048391,2,2,10,-0.3,136.19,2,52.0,0.0,494.0,1.0,0.0,0.0,390.125594432,3.0,0.0,30.0,5.2,390.4,6.0,51.2,1,4
219,Di32,TriM,NCC(CN)O,O=Cc1cccc(-c2cc(-c3cccc(C=O)c3)cc(-c3cccc(C=O)c3)c2)c1,dissolved,40.64306325,1,0,28.0,1,0,0,90.079312947,3,3,6,-2.3,90.12,2,72.3,0.0,494.0,1.0,0.0,0.0,390.125594432,3.0,0.0,30.0,5.2,390.4,6.0,51.2,0,4
220,Di33,TriM,NCCCC[C@H](N)C(=O)O,O=Cc1cccc(-c2cc(-c3cccc(C=O)c3)cc(-c3cccc(C=O)c3)c2)c1,dissolved,35.39161513,1,0,106.0,1,1,0,146.105527694,4,3,10,-3.0,146.19,5,89.3,0.0,494.0,1.0,0.0,0.0,390.125594432,3.0,0.0,30.0,5.2,390.4,6.0,51.2,0,4
221,Di34,TriM,N[C@H]1CC[C@H](N)CC1,O=Cc1cccc(-c2cc(-c3cccc(C=O)c3)cc(-c3cccc(C=O)c3)c2)c1,dissolved,36.26743457,1,0,54.9,1,0,0,114.115698455,2,2,8,-0.3,114.19,0,52.0,0.0,494.0,1.0,0.0,0.0,390.125594432,3.0,0.0,30.0,5.2,390.4,6.0,51.2,0,4
222,Di17,TriN,NCCN,O=Cc1ccccc1-c1cc(-c2ccccc2C=O)cc(-c2ccccc2C=O)c1,turbid,75.85181287,0,0,6.0,1,0,0,60.068748264,2,2,4,-2.0,60.1,1,52.0,0.0,494.0,1.0,0.0,0.0,390.125594432,3.0,0.0,30.0,5.2,390.4,6.0,51.2,0,4
223,Di18,TriN,CC(C)(CN)CN,O=Cc1ccccc1-c1cc(-c2ccccc2C=O)cc(-c2ccccc2C=O)c1,dissolved,53.2415512,1,0,44.0,1,0,0,102.115698455,2,2,7,-0.5,102.18,2,52.0,0.0,494.0,1.0,0.0,0.0,390.125594432,3.0,0.0,30.0,5.2,390.4,6.0,51.2,0,4
224,Di19,TriN,N[C@H]1CN(Cc2ccccc2)C[C@@H]1N,O=Cc1ccccc1-c1cc(-c2ccccc2C=O)cc(-c2ccccc2C=O)c1,dissolved,53.95891064,1,0,167.0,1,2,0,191.142247555,3,2,14,-0.2,191.27,2,55.3,0.0,494.0,1.0,0.0,0.0,390.125594432,3.0,0.0,30.0,5.2,390.4,6.0,51.2,1,4
225,Di20,TriN,N[C@H]([C@H](C1=CC=CC=C1)N)C2=CC=CC=C2,O=Cc1ccccc1-c1cc(-c2ccccc2C=O)cc(-c2ccccc2C=O)c1,dissolved,53.91445824,1,0,171.0,1,2,0,212.131348519,2,2,16,1.4,212.29,3,52.0,0.0,494.0,1.0,0.0,0.0,390.125594432,3.0,0.0,30.0,5.2,390.4,6.0,51.2,2,4
226,Di21,TriN,Nc1ccc(Oc2ccc(N)cc2)cc1,O=Cc1ccccc1-c1cc(-c2ccccc2C=O)cc(-c2ccccc2C=O)c1,dissolved,45.95912907,1,0,162.0,1,0,0,200.094963011,3,2,15,1.4,200.24,2,61.3,0.0,494.0,1.0,0.0,0.0,390.125594432,3.0,0.0,30.0,5.2,390.4,6.0,51.2,2,4
227,Di22,TriN,NC1=NON=C1N,O=Cc1ccccc1-c1cc(-c2ccccc2C=O)cc(-c2ccccc2C=O)c1,turbid,58.81525794,0,0,58.7,1,0,0,100.03851076,5,2,7,-0.5,100.08,0,91.0,0.0,494.0,1.0,0.0,0.0,390.125594432,3.0,0.0,30.0,5.2,390.4,6.0,51.2,1,4
228,Di23,TriN,N[C@H]1CCC[C@H](C1)N,O=Cc1ccccc1-c1cc(-c2ccccc2C=O)cc(-c2ccccc2C=O)c1,turbid,65.91787112,0,0,64.9,1,2,0,114.115698455,2,2,8,-0.3,114.19,0,52.0,0.0,494.0,1.0,0.0,0.0,390.125594432,3.0,0.0,30.0,5.2,390.4,6.0,51.2,0,4
229,Di24,TriN,N[C@@H]1[C@H](CCCC1)N,O=Cc1ccccc1-c1cc(-c2ccccc2C=O)cc(-c2ccccc2C=O)c1,dissolved,54.30596059,1,0,62.9,1,2,0,114.115698455,2,2,8,-0.3,114.19,0,52.0,0.0,494.0,1.0,0.0,0.0,390.125594432,3.0,0.0,30.0,5.2,390.4,6.0,51.2,0,4
230,Di25,TriN,NCCCCCCNCCCCCCN,O=Cc1ccccc1-c1cc(-c2ccccc2C=O)cc(-c2ccccc2C=O)c1,dissolved,33.50450088,1,0,95.0,1,0,0,215.236147938,3,3,15,0.8,215.38,12,64.1,0.0,494.0,1.0,0.0,0.0,390.125594432,3.0,0.0,30.0,5.2,390.4,6.0,51.2,0,4
231,Di26,TriN,NCCCCCCN,O=Cc1ccccc1-c1cc(-c2ccccc2C=O)cc(-c2ccccc2C=O)c1,dissolved,27.92245319,1,0,31.5,1,0,0,116.131348519,2,2,8,-0.2,116.2,5,52.0,0.0,494.0,1.0,0.0,0.0,390.125594432,3.0,0.0,30.0,5.2,390.4,6.0,51.2,0,4
232,Di27,TriN,NCc1ccc(CN)cc1,O=Cc1ccccc1-c1cc(-c2ccccc2C=O)cc(-c2ccccc2C=O)c1,dissolved,36.04531443,1,0,73.3,1,0,0,136.100048391,2,2,10,-0.4,136.19,2,52.0,0.0,494.0,1.0,0.0,0.0,390.125594432,3.0,0.0,30.0,5.2,390.4,6.0,51.2,1,4
233,Di28,TriN,NCC1CCC(CN)CC1,O=Cc1ccccc1-c1cc(-c2ccccc2C=O)cc(-c2ccccc2C=O)c1,dissolved,30.19580604,1,0,73.3,1,0,0,142.146998583,2,2,10,0.1,142.24,2,52.0,0.0,494.0,1.0,0.0,0.0,390.125594432,3.0,0.0,30.0,5.2,390.4,6.0,51.2,0,4
234,Di29,TriN,CN(CCCN)CCCN,O=Cc1ccccc1-c1cc(-c2ccccc2C=O)cc(-c2ccccc2C=O)c1,dissolved,31.95276538,1,0,57.9,1,0,0,145.157897619,3,2,10,-0.9,145.25,6,55.3,0.0,494.0,1.0,0.0,0.0,390.125594432,3.0,0.0,30.0,5.2,390.4,6.0,51.2,0,4
235,Di30,TriN,NCCOCCN,O=Cc1ccccc1-c1cc(-c2ccccc2C=O)cc(-c2ccccc2C=O)c1,dissolved,30.56649748,1,0,28.9,1,0,0,104.094963011,3,2,7,-1.8,104.15,4,61.3,0.0,494.0,1.0,0.0,0.0,390.125594432,3.0,0.0,30.0,5.2,390.4,6.0,51.2,0,4
236,Di31,TriN,NCC1=CC(CN)=CC=C1,O=Cc1ccccc1-c1cc(-c2ccccc2C=O)cc(-c2ccccc2C=O)c1,dissolved,35.91227546,1,0,83.3,1,0,0,136.100048391,2,2,10,-0.3,136.19,2,52.0,0.0,494.0,1.0,0.0,0.0,390.125594432,3.0,0.0,30.0,5.2,390.4,6.0,51.2,1,4
237,Di32,TriN,NCC(CN)O,O=Cc1ccccc1-c1cc(-c2ccccc2C=O)cc(-c2ccccc2C=O)c1,dissolved,30.76197841,1,0,28.0,1,0,0,90.079312947,3,3,6,-2.3,90.12,2,72.3,0.0,494.0,1.0,0.0,0.0,390.125594432,3.0,0.0,30.0,5.2,390.4,6.0,51.2,0,4
238,Di33,TriN,NCCCC[C@H](N)C(=O)O,O=Cc1ccccc1-c1cc(-c2ccccc2C=O)cc(-c2ccccc2C=O)c1,dissolved,24.1507372,1,0,106.0,1,1,0,146.105527694,4,3,10,-3.0,146.19,5,89.3,0.0,494.0,1.0,0.0,0.0,390.125594432,3.0,0.0,30.0,5.2,390.4,6.0,51.2,0,4
239,Di34,TriN,N[C@H]1CC[C@H](N)CC1,O=Cc1ccccc1-c1cc(-c2ccccc2C=O)cc(-c2ccccc2C=O)c1,dissolved,23.10810739,1,0,54.9,1,0,0,114.115698455,2,2,8,-0.3,114.19,0,52.0,0.0,494.0,1.0,0.0,0.0,390.125594432,3.0,0.0,30.0,5.2,390.4,6.0,51.2,0,4
240,Di17,TriO,NCCN,O=Cc1cc(-c2cc(-c3csc(C=O)c3)cc(-c3csc(C=O)c3)c2)cs1,turbid,63.52569665,0,0,6.0,1,0,0,60.068748264,2,2,4,-2.0,60.1,1,52.0,0.0,469.0,1.0,0.0,0.0,407.99485776,6.0,0.0,27.0,5.2,408.5,6.0,136.0,0,4
241,Di18,TriO,CC(C)(CN)CN,O=Cc1cc(-c2cc(-c3csc(C=O)c3)cc(-c3csc(C=O)c3)c2)cs1,turbid,55.77231055,0,0,44.0,1,0,0,102.115698455,2,2,7,-0.5,102.18,2,52.0,0.0,469.0,1.0,0.0,0.0,407.99485776,6.0,0.0,27.0,5.2,408.5,6.0,136.0,0,4
242,Di19,TriO,N[C@H]1CN(Cc2ccccc2)C[C@@H]1N,O=Cc1cc(-c2cc(-c3csc(C=O)c3)cc(-c3csc(C=O)c3)c2)cs1,turbid,61.80723057,0,0,167.0,1,2,0,191.142247555,3,2,14,-0.2,191.27,2,55.3,0.0,469.0,1.0,0.0,0.0,407.99485776,6.0,0.0,27.0,5.2,408.5,6.0,136.0,1,4
243,Di20,TriO,N[C@H]([C@H](C1=CC=CC=C1)N)C2=CC=CC=C2,O=Cc1cc(-c2cc(-c3csc(C=O)c3)cc(-c3csc(C=O)c3)c2)cs1,dissolved,50.03034281,1,0,171.0,1,2,0,212.131348519,2,2,16,1.4,212.29,3,52.0,0.0,469.0,1.0,0.0,0.0,407.99485776,6.0,0.0,27.0,5.2,408.5,6.0,136.0,2,4
244,Di21,TriO,Nc1ccc(Oc2ccc(N)cc2)cc1,O=Cc1cc(-c2cc(-c3csc(C=O)c3)cc(-c3csc(C=O)c3)c2)cs1,turbid,73.0218184,0,0,162.0,1,0,0,200.094963011,3,2,15,1.4,200.24,2,61.3,0.0,469.0,1.0,0.0,0.0,407.99485776,6.0,0.0,27.0,5.2,408.5,6.0,136.0,2,4
245,Di22,TriO,NC1=NON=C1N,O=Cc1cc(-c2cc(-c3csc(C=O)c3)cc(-c3csc(C=O)c3)c2)cs1,turbid,60.71495102,0,0,58.7,1,0,0,100.03851076,5,2,7,-0.5,100.08,0,91.0,0.0,469.0,1.0,0.0,0.0,407.99485776,6.0,0.0,27.0,5.2,408.5,6.0,136.0,1,4
246,Di23,TriO,N[C@H]1CCC[C@H](C1)N,O=Cc1cc(-c2cc(-c3csc(C=O)c3)cc(-c3csc(C=O)c3)c2)cs1,turbid,62.42634802,0,0,64.9,1,2,0,114.115698455,2,2,8,-0.3,114.19,0,52.0,0.0,469.0,1.0,0.0,0.0,407.99485776,6.0,0.0,27.0,5.2,408.5,6.0,136.0,0,4
247,Di24,TriO,N[C@@H]1[C@H](CCCC1)N,O=Cc1cc(-c2cc(-c3csc(C=O)c3)cc(-c3csc(C=O)c3)c2)cs1,dissolved,51.44799843,1,0,62.9,1,2,0,114.115698455,2,2,8,-0.3,114.19,0,52.0,0.0,469.0,1.0,0.0,0.0,407.99485776,6.0,0.0,27.0,5.2,408.5,6.0,136.0,0,4
248,Di25,TriO,NCCCCCCNCCCCCCN,O=Cc1cc(-c2cc(-c3csc(C=O)c3)cc(-c3csc(C=O)c3)c2)cs1,dissolved,27.19692444,1,0,95.0,1,0,0,215.236147938,3,3,15,0.8,215.38,12,64.1,0.0,469.0,1.0,0.0,0.0,407.99485776,6.0,0.0,27.0,5.2,408.5,6.0,136.0,0,4
249,Di26,TriO,NCCCCCCN,O=Cc1cc(-c2cc(-c3csc(C=O)c3)cc(-c3csc(C=O)c3)c2)cs1,dissolved,52.90736964,1,0,31.5,1,0,0,116.131348519,2,2,8,-0.2,116.2,5,52.0,0.0,469.0,1.0,0.0,0.0,407.99485776,6.0,0.0,27.0,5.2,408.5,6.0,136.0,0,4
250,Di27,TriO,NCc1ccc(CN)cc1,O=Cc1cc(-c2cc(-c3csc(C=O)c3)cc(-c3csc(C=O)c3)c2)cs1,dissolved,54.93663147,1,0,73.3,1,0,0,136.100048391,2,2,10,-0.4,136.19,2,52.0,0.0,469.0,1.0,0.0,0.0,407.99485776,6.0,0.0,27.0,5.2,408.5,6.0,136.0,1,4
251,Di28,TriO,NCC1CCC(CN)CC1,O=Cc1cc(-c2cc(-c3csc(C=O)c3)cc(-c3csc(C=O)c3)c2)cs1,dissolved,46.43353722,1,0,73.3,1,0,0,142.146998583,2,2,10,0.1,142.24,2,52.0,0.0,469.0,1.0,0.0,0.0,407.99485776,6.0,0.0,27.0,5.2,408.5,6.0,136.0,0,4
252,Di29,TriO,CN(CCCN)CCCN,O=Cc1cc(-c2cc(-c3csc(C=O)c3)cc(-c3csc(C=O)c3)c2)cs1,dissolved,32.54446202,1,0,57.9,1,0,0,145.157897619,3,2,10,-0.9,145.25,6,55.3,0.0,469.0,1.0,0.0,0.0,407.99485776,6.0,0.0,27.0,5.2,408.5,6.0,136.0,0,4
253,Di30,TriO,NCCOCCN,O=Cc1cc(-c2cc(-c3csc(C=O)c3)cc(-c3csc(C=O)c3)c2)cs1,dissolved,38.15039011,1,0,28.9,1,0,0,104.094963011,3,2,7,-1.8,104.15,4,61.3,0.0,469.0,1.0,0.0,0.0,407.99485776,6.0,0.0,27.0,5.2,408.5,6.0,136.0,0,4
254,Di31,TriO,NCC1=CC(CN)=CC=C1,O=Cc1cc(-c2cc(-c3csc(C=O)c3)cc(-c3csc(C=O)c3)c2)cs1,dissolved,42.83107321,1,0,83.3,1,0,0,136.100048391,2,2,10,-0.3,136.19,2,52.0,0.0,469.0,1.0,0.0,0.0,407.99485776,6.0,0.0,27.0,5.2,408.5,6.0,136.0,1,4
255,Di32,TriO,NCC(CN)O,O=Cc1cc(-c2cc(-c3csc(C=O)c3)cc(-c3csc(C=O)c3)c2)cs1,turbid,60.99708409,0,0,28.0,1,0,0,90.079312947,3,3,6,-2.3,90.12,2,72.3,0.0,469.0,1.0,0.0,0.0,407.99485776,6.0,0.0,27.0,5.2,408.5,6.0,136.0,0,4
256,Di33,TriO,NCCCC[C@H](N)C(=O)O,O=Cc1cc(-c2cc(-c3csc(C=O)c3)cc(-c3csc(C=O)c3)c2)cs1,dissolved,26.64638231,1,0,106.0,1,1,0,146.105527694,4,3,10,-3.0,146.19,5,89.3,0.0,469.0,1.0,0.0,0.0,407.99485776,6.0,0.0,27.0,5.2,408.5,6.0,136.0,0,4
257,Di34,TriO,N[C@H]1CC[C@H](N)CC1,O=Cc1cc(-c2cc(-c3csc(C=O)c3)cc(-c3csc(C=O)c3)c2)cs1,dissolved,32.21091443,1,0,54.9,1,0,0,114.115698455,2,2,8,-0.3,114.19,0,52.0,0.0,469.0,1.0,0.0,0.0,407.99485776,6.0,0.0,27.0,5.2,408.5,6.0,136.0,0,4
258,Di17,TriP,NCCN,O=Cc1ccc(-c2cc(-c3ccc(C=O)o3)cc(-c3ccc(C=O)o3)c2)o1,turbid,55.77585894,0,0,6.0,1,0,0,60.068748264,2,2,4,-2.0,60.1,1,52.0,0.0,463.0,1.0,0.0,0.0,360.0633881,6.0,0.0,27.0,3.5,360.3,6.0,90.6,0,4
259,Di18,TriP,CC(C)(CN)CN,O=Cc1ccc(-c2cc(-c3ccc(C=O)o3)cc(-c3ccc(C=O)o3)c2)o1,turbid,56.12480603,0,0,44.0,1,0,0,102.115698455,2,2,7,-0.5,102.18,2,52.0,0.0,463.0,1.0,0.0,0.0,360.0633881,6.0,0.0,27.0,3.5,360.3,6.0,90.6,0,4
260,Di19,TriP,N[C@H]1CN(Cc2ccccc2)C[C@@H]1N,O=Cc1ccc(-c2cc(-c3ccc(C=O)o3)cc(-c3ccc(C=O)o3)c2)o1,turbid,68.53073291,0,0,167.0,1,2,0,191.142247555,3,2,14,-0.2,191.27,2,55.3,0.0,463.0,1.0,0.0,0.0,360.0633881,6.0,0.0,27.0,3.5,360.3,6.0,90.6,1,4
261,Di20,TriP,N[C@H]([C@H](C1=CC=CC=C1)N)C2=CC=CC=C2,O=Cc1ccc(-c2cc(-c3ccc(C=O)o3)cc(-c3ccc(C=O)o3)c2)o1,turbid,65.92206388,0,0,171.0,1,2,0,212.131348519,2,2,16,1.4,212.29,3,52.0,0.0,463.0,1.0,0.0,0.0,360.0633881,6.0,0.0,27.0,3.5,360.3,6.0,90.6,2,4
262,Di21,TriP,Nc1ccc(Oc2ccc(N)cc2)cc1,O=Cc1ccc(-c2cc(-c3ccc(C=O)o3)cc(-c3ccc(C=O)o3)c2)o1,turbid,58.71084812,0,0,162.0,1,0,0,200.094963011,3,2,15,1.4,200.24,2,61.3,0.0,463.0,1.0,0.0,0.0,360.0633881,6.0,0.0,27.0,3.5,360.3,6.0,90.6,2,4
263,Di22,TriP,NC1=NON=C1N,O=Cc1ccc(-c2cc(-c3ccc(C=O)o3)cc(-c3ccc(C=O)o3)c2)o1,turbid,82.57904706,0,0,58.7,1,0,0,100.03851076,5,2,7,-0.5,100.08,0,91.0,0.0,463.0,1.0,0.0,0.0,360.0633881,6.0,0.0,27.0,3.5,360.3,6.0,90.6,1,4
264,Di23,TriP,N[C@H]1CCC[C@H](C1)N,O=Cc1ccc(-c2cc(-c3ccc(C=O)o3)cc(-c3ccc(C=O)o3)c2)o1,turbid,69.13117551,0,0,64.9,1,2,0,114.115698455,2,2,8,-0.3,114.19,0,52.0,0.0,463.0,1.0,0.0,0.0,360.0633881,6.0,0.0,27.0,3.5,360.3,6.0,90.6,0,4
265,Di24,TriP,N[C@@H]1[C@H](CCCC1)N,O=Cc1ccc(-c2cc(-c3ccc(C=O)o3)cc(-c3ccc(C=O)o3)c2)o1,dissolved,48.3199709,1,0,62.9,1,2,0,114.115698455,2,2,8,-0.3,114.19,0,52.0,0.0,463.0,1.0,0.0,0.0,360.0633881,6.0,0.0,27.0,3.5,360.3,6.0,90.6,0,4
266,Di25,TriP,NCCCCCCNCCCCCCN,O=Cc1ccc(-c2cc(-c3ccc(C=O)o3)cc(-c3ccc(C=O)o3)c2)o1,dissolved,37.77548566,1,0,95.0,1,0,0,215.236147938,3,3,15,0.8,215.38,12,64.1,0.0,463.0,1.0,0.0,0.0,360.0633881,6.0,0.0,27.0,3.5,360.3,6.0,90.6,0,4
267,Di26,TriP,NCCCCCCN,O=Cc1ccc(-c2cc(-c3ccc(C=O)o3)cc(-c3ccc(C=O)o3)c2)o1,dissolved,42.06266101,1,0,31.5,1,0,0,116.131348519,2,2,8,-0.2,116.2,5,52.0,0.0,463.0,1.0,0.0,0.0,360.0633881,6.0,0.0,27.0,3.5,360.3,6.0,90.6,0,4
268,Di27,TriP,NCc1ccc(CN)cc1,O=Cc1ccc(-c2cc(-c3ccc(C=O)o3)cc(-c3ccc(C=O)o3)c2)o1,dissolved,50.37404037,1,0,73.3,1,0,0,136.100048391,2,2,10,-0.4,136.19,2,52.0,0.0,463.0,1.0,0.0,0.0,360.0633881,6.0,0.0,27.0,3.5,360.3,6.0,90.6,1,4
269,Di28,TriP,NCC1CCC(CN)CC1,O=Cc1ccc(-c2cc(-c3ccc(C=O)o3)cc(-c3ccc(C=O)o3)c2)o1,dissolved,46.25778792,1,0,73.3,1,0,0,142.146998583,2,2,10,0.1,142.24,2,52.0,0.0,463.0,1.0,0.0,0.0,360.0633881,6.0,0.0,27.0,3.5,360.3,6.0,90.6,0,4
270,Di29,TriP,CN(CCCN)CCCN,O=Cc1ccc(-c2cc(-c3ccc(C=O)o3)cc(-c3ccc(C=O)o3)c2)o1,dissolved,34.08674101,1,0,57.9,1,0,0,145.157897619,3,2,10,-0.9,145.25,6,55.3,0.0,463.0,1.0,0.0,0.0,360.0633881,6.0,0.0,27.0,3.5,360.3,6.0,90.6,0,4
271,Di30,TriP,NCCOCCN,O=Cc1ccc(-c2cc(-c3ccc(C=O)o3)cc(-c3ccc(C=O)o3)c2)o1,dissolved,39.70005509,1,0,28.9,1,0,0,104.094963011,3,2,7,-1.8,104.15,4,61.3,0.0,463.0,1.0,0.0,0.0,360.0633881,6.0,0.0,27.0,3.5,360.3,6.0,90.6,0,4
272,Di31,TriP,NCC1=CC(CN)=CC=C1,O=Cc1ccc(-c2cc(-c3ccc(C=O)o3)cc(-c3ccc(C=O)o3)c2)o1,dissolved,47.70757451,1,0,83.3,1,0,0,136.100048391,2,2,10,-0.3,136.19,2,52.0,0.0,463.0,1.0,0.0,0.0,360.0633881,6.0,0.0,27.0,3.5,360.3,6.0,90.6,1,4
273,Di32,TriP,NCC(CN)O,O=Cc1ccc(-c2cc(-c3ccc(C=O)o3)cc(-c3ccc(C=O)o3)c2)o1,turbid,75.9003005,0,0,28.0,1,0,0,90.079312947,3,3,6,-2.3,90.12,2,72.3,0.0,463.0,1.0,0.0,0.0,360.0633881,6.0,0.0,27.0,3.5,360.3,6.0,90.6,0,4
274,Di33,TriP,NCCCC[C@H](N)C(=O)O,O=Cc1ccc(-c2cc(-c3ccc(C=O)o3)cc(-c3ccc(C=O)o3)c2)o1,dissolved,22.93772348,1,0,106.0,1,1,0,146.105527694,4,3,10,-3.0,146.19,5,89.3,0.0,463.0,1.0,0.0,0.0,360.0633881,6.0,0.0,27.0,3.5,360.3,6.0,90.6,0,4
275,Di34,TriP,N[C@H]1CC[C@H](N)CC1,O=Cc1ccc(-c2cc(-c3ccc(C=O)o3)cc(-c3ccc(C=O)o3)c2)o1,dissolved,35.81040157,1,0,54.9,1,0,0,114.115698455,2,2,8,-0.3,114.19,0,52.0,0.0,463.0,1.0,0.0,0.0,360.0633881,6.0,0.0,27.0,3.5,360.3,6.0,90.6,0,4
276,Di17,TriR,NCCN,O=Cc1ccc(OCc2cc(COc3ccc(C=O)cc3)cc(COc3ccc(C=O)cc3)c2)cc1,dissolved,45.37364358,1,0,6.0,1,0,0,60.068748264,2,2,4,-2.0,60.1,1,52.0,0.0,556.0,1.0,0.0,0.0,480.15728848,6.0,0.0,36.0,4.7,480.5,12.0,78.9,0,4
277,Di18,TriR,CC(C)(CN)CN,O=Cc1ccc(OCc2cc(COc3ccc(C=O)cc3)cc(COc3ccc(C=O)cc3)c2)cc1,dissolved,47.31192127,1,0,44.0,1,0,0,102.115698455,2,2,7,-0.5,102.18,2,52.0,0.0,556.0,1.0,0.0,0.0,480.15728848,6.0,0.0,36.0,4.7,480.5,12.0,78.9,0,4
278,Di19,TriR,N[C@H]1CN(Cc2ccccc2)C[C@@H]1N,O=Cc1ccc(OCc2cc(COc3ccc(C=O)cc3)cc(COc3ccc(C=O)cc3)c2)cc1,turbid,57.99663585,0,0,167.0,1,2,0,191.142247555,3,2,14,-0.2,191.27,2,55.3,0.0,556.0,1.0,0.0,0.0,480.15728848,6.0,0.0,36.0,4.7,480.5,12.0,78.9,1,4
279,Di20,TriR,N[C@H]([C@H](C1=CC=CC=C1)N)C2=CC=CC=C2,O=Cc1ccc(OCc2cc(COc3ccc(C=O)cc3)cc(COc3ccc(C=O)cc3)c2)cc1,dissolved,49.72690156,1,0,171.0,1,2,0,212.131348519,2,2,16,1.4,212.29,3,52.0,0.0,556.0,1.0,0.0,0.0,480.15728848,6.0,0.0,36.0,4.7,480.5,12.0,78.9,2,4
280,Di21,TriR,Nc1ccc(Oc2ccc(N)cc2)cc1,O=Cc1ccc(OCc2cc(COc3ccc(C=O)cc3)cc(COc3ccc(C=O)cc3)c2)cc1,turbid,69.2172913,0,0,162.0,1,0,0,200.094963011,3,2,15,1.4,200.24,2,61.3,0.0,556.0,1.0,0.0,0.0,480.15728848,6.0,0.0,36.0,4.7,480.5,12.0,78.9,2,4
281,Di22,TriR,NC1=NON=C1N,O=Cc1ccc(OCc2cc(COc3ccc(C=O)cc3)cc(COc3ccc(C=O)cc3)c2)cc1,dissolved,48.6307668,1,0,58.7,1,0,0,100.03851076,5,2,7,-0.5,100.08,0,91.0,0.0,556.0,1.0,0.0,0.0,480.15728848,6.0,0.0,36.0,4.7,480.5,12.0,78.9,1,4
282,Di23,TriR,N[C@H]1CCC[C@H](C1)N,O=Cc1ccc(OCc2cc(COc3ccc(C=O)cc3)cc(COc3ccc(C=O)cc3)c2)cc1,dissolved,51.32425717,1,0,64.9,1,2,0,114.115698455,2,2,8,-0.3,114.19,0,52.0,0.0,556.0,1.0,0.0,0.0,480.15728848,6.0,0.0,36.0,4.7,480.5,12.0,78.9,0,4
283,Di24,TriR,N[C@@H]1[C@H](CCCC1)N,O=Cc1ccc(OCc2cc(COc3ccc(C=O)cc3)cc(COc3ccc(C=O)cc3)c2)cc1,dissolved,45.26724421,1,0,62.9,1,2,0,114.115698455,2,2,8,-0.3,114.19,0,52.0,0.0,556.0,1.0,0.0,0.0,480.15728848,6.0,0.0,36.0,4.7,480.5,12.0,78.9,0,4
284,Di25,TriR,NCCCCCCNCCCCCCN,O=Cc1ccc(OCc2cc(COc3ccc(C=O)cc3)cc(COc3ccc(C=O)cc3)c2)cc1,dissolved,29.39268354,1,0,95.0,1,0,0,215.236147938,3,3,15,0.8,215.38,12,64.1,0.0,556.0,1.0,0.0,0.0,480.15728848,6.0,0.0,36.0,4.7,480.5,12.0,78.9,0,4
285,Di26,TriR,NCCCCCCN,O=Cc1ccc(OCc2cc(COc3ccc(C=O)cc3)cc(COc3ccc(C=O)cc3)c2)cc1,dissolved,26.07187303,1,0,31.5,1,0,0,116.131348519,2,2,8,-0.2,116.2,5,52.0,0.0,556.0,1.0,0.0,0.0,480.15728848,6.0,0.0,36.0,4.7,480.5,12.0,78.9,0,4
286,Di27,TriR,NCc1ccc(CN)cc1,O=Cc1ccc(OCc2cc(COc3ccc(C=O)cc3)cc(COc3ccc(C=O)cc3)c2)cc1,dissolved,22.63486876,1,0,73.3,1,0,0,136.100048391,2,2,10,-0.4,136.19,2,52.0,0.0,556.0,1.0,0.0,0.0,480.15728848,6.0,0.0,36.0,4.7,480.5,12.0,78.9,1,4
287,Di28,TriR,NCC1CCC(CN)CC1,O=Cc1ccc(OCc2cc(COc3ccc(C=O)cc3)cc(COc3ccc(C=O)cc3)c2)cc1,dissolved,22.02608882,1,0,73.3,1,0,0,142.146998583,2,2,10,0.1,142.24,2,52.0,0.0,556.0,1.0,0.0,0.0,480.15728848,6.0,0.0,36.0,4.7,480.5,12.0,78.9,0,4
288,Di29,TriR,CN(CCCN)CCCN,O=Cc1ccc(OCc2cc(COc3ccc(C=O)cc3)cc(COc3ccc(C=O)cc3)c2)cc1,dissolved,21.68321131,1,0,57.9,1,0,0,145.157897619,3,2,10,-0.9,145.25,6,55.3,0.0,556.0,1.0,0.0,0.0,480.15728848,6.0,0.0,36.0,4.7,480.5,12.0,78.9,0,4
289,Di30,TriR,NCCOCCN,O=Cc1ccc(OCc2cc(COc3ccc(C=O)cc3)cc(COc3ccc(C=O)cc3)c2)cc1,dissolved,22.09904976,1,0,28.9,1,0,0,104.094963011,3,2,7,-1.8,104.15,4,61.3,0.0,556.0,1.0,0.0,0.0,480.15728848,6.0,0.0,36.0,4.7,480.5,12.0,78.9,0,4
290,Di31,TriR,NCC1=CC(CN)=CC=C1,O=Cc1ccc(OCc2cc(COc3ccc(C=O)cc3)cc(COc3ccc(C=O)cc3)c2)cc1,dissolved,22.18454512,1,0,83.3,1,0,0,136.100048391,2,2,10,-0.3,136.19,2,52.0,0.0,556.0,1.0,0.0,0.0,480.15728848,6.0,0.0,36.0,4.7,480.5,12.0,78.9,1,4
291,Di32,TriR,NCC(CN)O,O=Cc1ccc(OCc2cc(COc3ccc(C=O)cc3)cc(COc3ccc(C=O)cc3)c2)cc1,dissolved,22.40111655,1,0,28.0,1,0,0,90.079312947,3,3,6,-2.3,90.12,2,72.3,0.0,556.0,1.0,0.0,0.0,480.15728848,6.0,0.0,36.0,4.7,480.5,12.0,78.9,0,4
292,Di33,TriR,NCCCC[C@H](N)C(=O)O,O=Cc1ccc(OCc2cc(COc3ccc(C=O)cc3)cc(COc3ccc(C=O)cc3)c2)cc1,dissolved,20.81642682,1,0,106.0,1,1,0,146.105527694,4,3,10,-3.0,146.19,5,89.3,0.0,556.0,1.0,0.0,0.0,480.15728848,6.0,0.0,36.0,4.7,480.5,12.0,78.9,0,4
293,Di34,TriR,N[C@H]1CC[C@H](N)CC1,O=Cc1ccc(OCc2cc(COc3ccc(C=O)cc3)cc(COc3ccc(C=O)cc3)c2)cc1,dissolved,22.20278354,1,0,54.9,1,0,0,114.115698455,2,2,8,-0.3,114.19,0,52.0,0.0,556.0,1.0,0.0,0.0,480.15728848,6.0,0.0,36.0,4.7,480.5,12.0,78.9,0,4
294,Di17,TriS,NCCN,O=Cc1ccc(C#Cc2cc(C=O)cc(C=O)c2)cc1,dissolved,30.89141556,1,0,6.0,1,0,0,60.068748264,2,2,4,-2.0,60.1,1,52.0,0.0,404.0,1.0,0.0,0.0,262.062994177,3.0,0.0,20.0,2.3,262.26,5.0,51.2,0,2
295,Di18,TriS,CC(C)(CN)CN,O=Cc1ccc(C#Cc2cc(C=O)cc(C=O)c2)cc1,dissolved,24.34526304,1,0,44.0,1,0,0,102.115698455,2,2,7,-0.5,102.18,2,52.0,0.0,404.0,1.0,0.0,0.0,262.062994177,3.0,0.0,20.0,2.3,262.26,5.0,51.2,0,2
296,Di19,TriS,N[C@H]1CN(Cc2ccccc2)C[C@@H]1N,O=Cc1ccc(C#Cc2cc(C=O)cc(C=O)c2)cc1,dissolved,43.84408428,1,0,167.0,1,2,0,191.142247555,3,2,14,-0.2,191.27,2,55.3,0.0,404.0,1.0,0.0,0.0,262.062994177,3.0,0.0,20.0,2.3,262.26,5.0,51.2,1,2
297,Di20,TriS,N[C@H]([C@H](C1=CC=CC=C1)N)C2=CC=CC=C2,O=Cc1ccc(C#Cc2cc(C=O)cc(C=O)c2)cc1,dissolved,30.90478972,1,0,171.0,1,2,0,212.131348519,2,2,16,1.4,212.29,3,52.0,0.0,404.0,1.0,0.0,0.0,262.062994177,3.0,0.0,20.0,2.3,262.26,5.0,51.2,2,2
298,Di21,TriS,Nc1ccc(Oc2ccc(N)cc2)cc1,O=Cc1ccc(C#Cc2cc(C=O)cc(C=O)c2)cc1,dissolved,32.05368653,1,0,162.0,1,0,0,200.094963011,3,2,15,1.4,200.24,2,61.3,0.0,404.0,1.0,0.0,0.0,262.062994177,3.0,0.0,20.0,2.3,262.26,5.0,51.2,2,2
299,Di22,TriS,NC1=NON=C1N,O=Cc1ccc(C#Cc2cc(C=O)cc(C=O)c2)cc1,dissolved,26.84573546,1,0,58.7,1,0,0,100.03851076,5,2,7,-0.5,100.08,0,91.0,0.0,404.0,1.0,0.0,0.0,262.062994177,3.0,0.0,20.0,2.3,262.26,5.0,51.2,1,2
300,Di23,TriS,N[C@H]1CCC[C@H](C1)N,O=Cc1ccc(C#Cc2cc(C=O)cc(C=O)c2)cc1,dissolved,33.22625916,1,0,64.9,1,2,0,114.115698455,2,2,8,-0.3,114.19,0,52.0,0.0,404.0,1.0,0.0,0.0,262.062994177,3.0,0.0,20.0,2.3,262.26,5.0,51.2,0,2
301,Di24,TriS,N[C@@H]1[C@H](CCCC1)N,O=Cc1ccc(C#Cc2cc(C=O)cc(C=O)c2)cc1,dissolved,24.80413331,1,0,62.9,1,2,0,114.115698455,2,2,8,-0.3,114.19,0,52.0,0.0,404.0,1.0,0.0,0.0,262.062994177,3.0,0.0,20.0,2.3,262.26,5.0,51.2,0,2
302,Di25,TriS,NCCCCCCNCCCCCCN,O=Cc1ccc(C#Cc2cc(C=O)cc(C=O)c2)cc1,dissolved,26.12443913,1,0,95.0,1,0,0,215.236147938,3,3,15,0.8,215.38,12,64.1,0.0,404.0,1.0,0.0,0.0,262.062994177,3.0,0.0,20.0,2.3,262.26,5.0,51.2,0,2
303,Di26,TriS,NCCCCCCN,O=Cc1ccc(C#Cc2cc(C=O)cc(C=O)c2)cc1,dissolved,27.0857203,1,0,31.5,1,0,0,116.131348519,2,2,8,-0.2,116.2,5,52.0,0.0,404.0,1.0,0.0,0.0,262.062994177,3.0,0.0,20.0,2.3,262.26,5.0,51.2,0,2
304,Di27,TriS,NCc1ccc(CN)cc1,O=Cc1ccc(C#Cc2cc(C=O)cc(C=O)c2)cc1,dissolved,40.32279456,1,0,73.3,1,0,0,136.100048391,2,2,10,-0.4,136.19,2,52.0,0.0,404.0,1.0,0.0,0.0,262.062994177,3.0,0.0,20.0,2.3,262.26,5.0,51.2,1,2
305,Di28,TriS,NCC1CCC(CN)CC1,O=Cc1ccc(C#Cc2cc(C=O)cc(C=O)c2)cc1,dissolved,37.14552319,1,0,73.3,1,0,0,142.146998583,2,2,10,0.1,142.24,2,52.0,0.0,404.0,1.0,0.0,0.0,262.062994177,3.0,0.0,20.0,2.3,262.26,5.0,51.2,0,2
306,Di29,TriS,CN(CCCN)CCCN,O=Cc1ccc(C#Cc2cc(C=O)cc(C=O)c2)cc1,dissolved,30.38120164,1,0,57.9,1,0,0,145.157897619,3,2,10,-0.9,145.25,6,55.3,0.0,404.0,1.0,0.0,0.0,262.062994177,3.0,0.0,20.0,2.3,262.26,5.0,51.2,0,2
307,Di30,TriS,NCCOCCN,O=Cc1ccc(C#Cc2cc(C=O)cc(C=O)c2)cc1,dissolved,30.07945817,1,0,28.9,1,0,0,104.094963011,3,2,7,-1.8,104.15,4,61.3,0.0,404.0,1.0,0.0,0.0,262.062994177,3.0,0.0,20.0,2.3,262.26,5.0,51.2,0,2
308,Di31,TriS,NCC1=CC(CN)=CC=C1,O=Cc1ccc(C#Cc2cc(C=O)cc(C=O)c2)cc1,dissolved,39.05673508,1,0,83.3,1,0,0,136.100048391,2,2,10,-0.3,136.19,2,52.0,0.0,404.0,1.0,0.0,0.0,262.062994177,3.0,0.0,20.0,2.3,262.26,5.0,51.2,1,2
309,Di32,TriS,NCC(CN)O,O=Cc1ccc(C#Cc2cc(C=O)cc(C=O)c2)cc1,dissolved,32.29829156,1,0,28.0,1,0,0,90.079312947,3,3,6,-2.3,90.12,2,72.3,0.0,404.0,1.0,0.0,0.0,262.062994177,3.0,0.0,20.0,2.3,262.26,5.0,51.2,0,2
310,Di33,TriS,NCCCC[C@H](N)C(=O)O,O=Cc1ccc(C#Cc2cc(C=O)cc(C=O)c2)cc1,dissolved,24.59315812,1,0,106.0,1,1,0,146.105527694,4,3,10,-3.0,146.19,5,89.3,0.0,404.0,1.0,0.0,0.0,262.062994177,3.0,0.0,20.0,2.3,262.26,5.0,51.2,0,2
311,Di34,TriS,N[C@H]1CC[C@H](N)CC1,O=Cc1ccc(C#Cc2cc(C=O)cc(C=O)c2)cc1,dissolved,40.12649297,1,0,54.9,1,0,0,114.115698455,2,2,8,-0.3,114.19,0,52.0,0.0,404.0,1.0,0.0,0.0,262.062994177,3.0,0.0,20.0,2.3,262.26,5.0,51.2,0,2
312,Di17,TriT,NCCN,O=Cc1c(O)c(C=O)c(O)c(C=O)c1O,turbid,75.35679881,0,0,6.0,1,0,0,60.068748264,2,2,4,-2.0,60.1,1,52.0,0.0,205.0,1.0,0.0,0.0,210.01643791,6.0,3.0,15.0,0.9,210.14,3.0,112.0,0,1
313,Di18,TriT,CC(C)(CN)CN,O=Cc1c(O)c(C=O)c(O)c(C=O)c1O,dissolved,33.85985464,1,0,44.0,1,0,0,102.115698455,2,2,7,-0.5,102.18,2,52.0,0.0,205.0,1.0,0.0,0.0,210.01643791,6.0,3.0,15.0,0.9,210.14,3.0,112.0,0,1
314,Di19,TriT,N[C@H]1CN(Cc2ccccc2)C[C@@H]1N,O=Cc1c(O)c(C=O)c(O)c(C=O)c1O,dissolved,42.69906911,1,0,167.0,1,2,0,191.142247555,3,2,14,-0.2,191.27,2,55.3,0.0,205.0,1.0,0.0,0.0,210.01643791,6.0,3.0,15.0,0.9,210.14,3.0,112.0,1,1
315,Di20,TriT,N[C@H]([C@H](C1=CC=CC=C1)N)C2=CC=CC=C2,O=Cc1c(O)c(C=O)c(O)c(C=O)c1O,dissolved,26.08278656,1,0,171.0,1,2,0,212.131348519,2,2,16,1.4,212.29,3,52.0,0.0,205.0,1.0,0.0,0.0,210.01643791,6.0,3.0,15.0,0.9,210.14,3.0,112.0,2,1
316,Di21,TriT,Nc1ccc(Oc2ccc(N)cc2)cc1,O=Cc1c(O)c(C=O)c(O)c(C=O)c1O,dissolved,50.23740307,1,0,162.0,1,0,0,200.094963011,3,2,15,1.4,200.24,2,61.3,0.0,205.0,1.0,0.0,0.0,210.01643791,6.0,3.0,15.0,0.9,210.14,3.0,112.0,2,1
317,Di22,TriT,NC1=NON=C1N,O=Cc1c(O)c(C=O)c(O)c(C=O)c1O,dissolved,27.39125725,1,0,58.7,1,0,0,100.03851076,5,2,7,-0.5,100.08,0,91.0,0.0,205.0,1.0,0.0,0.0,210.01643791,6.0,3.0,15.0,0.9,210.14,3.0,112.0,1,1
318,Di23,TriT,N[C@H]1CCC[C@H](C1)N,O=Cc1c(O)c(C=O)c(O)c(C=O)c1O,dissolved,49.89317186,1,0,64.9,1,2,0,114.115698455,2,2,8,-0.3,114.19,0,52.0,0.0,205.0,1.0,0.0,0.0,210.01643791,6.0,3.0,15.0,0.9,210.14,3.0,112.0,0,1
319,Di24,TriT,N[C@@H]1[C@H](CCCC1)N,O=Cc1c(O)c(C=O)c(O)c(C=O)c1O,dissolved,26.81944579,1,0,62.9,1,2,0,114.115698455,2,2,8,-0.3,114.19,0,52.0,0.0,205.0,1.0,0.0,0.0,210.01643791,6.0,3.0,15.0,0.9,210.14,3.0,112.0,0,1
320,Di25,TriT,NCCCCCCNCCCCCCN,O=Cc1c(O)c(C=O)c(O)c(C=O)c1O,dissolved,47.56912674,1,0,95.0,1,0,0,215.236147938,3,3,15,0.8,215.38,12,64.1,0.0,205.0,1.0,0.0,0.0,210.01643791,6.0,3.0,15.0,0.9,210.14,3.0,112.0,0,1
321,Di26,TriT,NCCCCCCN,O=Cc1c(O)c(C=O)c(O)c(C=O)c1O,turbid,66.63379677,0,0,31.5,1,0,0,116.131348519,2,2,8,-0.2,116.2,5,52.0,0.0,205.0,1.0,0.0,0.0,210.01643791,6.0,3.0,15.0,0.9,210.14,3.0,112.0,0,1
322,Di27,TriT,NCc1ccc(CN)cc1,O=Cc1c(O)c(C=O)c(O)c(C=O)c1O,turbid,78.76804612,0,0,73.3,1,0,0,136.100048391,2,2,10,-0.4,136.19,2,52.0,0.0,205.0,1.0,0.0,0.0,210.01643791,6.0,3.0,15.0,0.9,210.14,3.0,112.0,1,1
323,Di28,TriT,NCC1CCC(CN)CC1,O=Cc1c(O)c(C=O)c(O)c(C=O)c1O,turbid,60.86713256,0,0,73.3,1,0,0,142.146998583,2,2,10,0.1,142.24,2,52.0,0.0,205.0,1.0,0.0,0.0,210.01643791,6.0,3.0,15.0,0.9,210.14,3.0,112.0,0,1
324,Di29,TriT,CN(CCCN)CCCN,O=Cc1c(O)c(C=O)c(O)c(C=O)c1O,dissolved,36.09582391,1,0,57.9,1,0,0,145.157897619,3,2,10,-0.9,145.25,6,55.3,0.0,205.0,1.0,0.0,0.0,210.01643791,6.0,3.0,15.0,0.9,210.14,3.0,112.0,0,1
325,Di30,TriT,NCCOCCN,O=Cc1c(O)c(C=O)c(O)c(C=O)c1O,turbid,55.73978228,0,0,28.9,1,0,0,104.094963011,3,2,7,-1.8,104.15,4,61.3,0.0,205.0,1.0,0.0,0.0,210.01643791,6.0,3.0,15.0,0.9,210.14,3.0,112.0,0,1
326,Di31,TriT,NCC1=CC(CN)=CC=C1,O=Cc1c(O)c(C=O)c(O)c(C=O)c1O,turbid,60.17295929,0,0,83.3,1,0,0,136.100048391,2,2,10,-0.3,136.19,2,52.0,0.0,205.0,1.0,0.0,0.0,210.01643791,6.0,3.0,15.0,0.9,210.14,3.0,112.0,1,1
327,Di32,TriT,NCC(CN)O,O=Cc1c(O)c(C=O)c(O)c(C=O)c1O,dissolved,54.76925872,1,0,28.0,1,0,0,90.079312947,3,3,6,-2.3,90.12,2,72.3,0.0,205.0,1.0,0.0,0.0,210.01643791,6.0,3.0,15.0,0.9,210.14,3.0,112.0,0,1
328,Di33,TriT,NCCCC[C@H](N)C(=O)O,O=Cc1c(O)c(C=O)c(O)c(C=O)c1O,dissolved,21.27739079,1,0,106.0,1,1,0,146.105527694,4,3,10,-3.0,146.19,5,89.3,0.0,205.0,1.0,0.0,0.0,210.01643791,6.0,3.0,15.0,0.9,210.14,3.0,112.0,0,1
329,Di34,TriT,N[C@H]1CC[C@H](N)CC1,O=Cc1c(O)c(C=O)c(O)c(C=O)c1O,dissolved,48.06462229,1,0,54.9,1,0,0,114.115698455,2,2,8,-0.3,114.19,0,52.0,0.0,205.0,1.0,0.0,0.0,210.01643791,6.0,3.0,15.0,0.9,210.14,3.0,112.0,0,1
330,Di17,TriU,NCCN,C1=CC(=CC=C1/C=C/C2=CC(=CC(=C2)/C=C/C3=CC=C(C=C3)C=O)/C=C/C4=CC=C(C=C4)C=O)C=O,dissolved,39.28340375,1,0,6.0,1,0,0,60.068748264,2,2,4,-2.0,60.1,1,52.0,0.0,654.0,1.0,0.0,3.0,468.17254462,3.0,0.0,36.0,7.1,468.5,9.0,51.2,0,4
331,Di18,TriU,CC(C)(CN)CN,C1=CC(=CC=C1/C=C/C2=CC(=CC(=C2)/C=C/C3=CC=C(C=C3)C=O)/C=C/C4=CC=C(C=C4)C=O)C=O,dissolved,30.47435545,1,0,44.0,1,0,0,102.115698455,2,2,7,-0.5,102.18,2,52.0,0.0,654.0,1.0,0.0,3.0,468.17254462,3.0,0.0,36.0,7.1,468.5,9.0,51.2,0,4
332,Di19,TriU,N[C@H]1CN(Cc2ccccc2)C[C@@H]1N,C1=CC(=CC=C1/C=C/C2=CC(=CC(=C2)/C=C/C3=CC=C(C=C3)C=O)/C=C/C4=CC=C(C=C4)C=O)C=O,turbid,58.27436734,0,0,167.0,1,2,0,191.142247555,3,2,14,-0.2,191.27,2,55.3,0.0,654.0,1.0,0.0,3.0,468.17254462,3.0,0.0,36.0,7.1,468.5,9.0,51.2,1,4
333,Di20,TriU,N[C@H]([C@H](C1=CC=CC=C1)N)C2=CC=CC=C2,C1=CC(=CC=C1/C=C/C2=CC(=CC(=C2)/C=C/C3=CC=C(C=C3)C=O)/C=C/C4=CC=C(C=C4)C=O)C=O,turbid,85.30563188,0,0,171.0,1,2,0,212.131348519,2,2,16,1.4,212.29,3,52.0,0.0,654.0,1.0,0.0,3.0,468.17254462,3.0,0.0,36.0,7.1,468.5,9.0,51.2,2,4
334,Di21,TriU,Nc1ccc(Oc2ccc(N)cc2)cc1,C1=CC(=CC=C1/C=C/C2=CC(=CC(=C2)/C=C/C3=CC=C(C=C3)C=O)/C=C/C4=CC=C(C=C4)C=O)C=O,turbid,57.46048838,0,0,162.0,1,0,0,200.094963011,3,2,15,1.4,200.24,2,61.3,0.0,654.0,1.0,0.0,3.0,468.17254462,3.0,0.0,36.0,7.1,468.5,9.0,51.2,2,4
335,Di22,TriU,NC1=NON=C1N,C1=CC(=CC=C1/C=C/C2=CC(=CC(=C2)/C=C/C3=CC=C(C=C3)C=O)/C=C/C4=CC=C(C=C4)C=O)C=O,turbid,99.15532274,0,0,58.7,1,0,0,100.03851076,5,2,7,-0.5,100.08,0,91.0,0.0,654.0,1.0,0.0,3.0,468.17254462,3.0,0.0,36.0,7.1,468.5,9.0,51.2,1,4
336,Di23,TriU,N[C@H]1CCC[C@H](C1)N,C1=CC(=CC=C1/C=C/C2=CC(=CC(=C2)/C=C/C3=CC=C(C=C3)C=O)/C=C/C4=CC=C(C=C4)C=O)C=O,turbid,59.66060668,0,0,64.9,1,2,0,114.115698455,2,2,8,-0.3,114.19,0,52.0,0.0,654.0,1.0,0.0,3.0,468.17254462,3.0,0.0,36.0,7.1,468.5,9.0,51.2,0,4
337,Di24,TriU,N[C@@H]1[C@H](CCCC1)N,C1=CC(=CC=C1/C=C/C2=CC(=CC(=C2)/C=C/C3=CC=C(C=C3)C=O)/C=C/C4=CC=C(C=C4)C=O)C=O,dissolved,48.01225257,1,0,62.9,1,2,0,114.115698455,2,2,8,-0.3,114.19,0,52.0,0.0,654.0,1.0,0.0,3.0,468.17254462,3.0,0.0,36.0,7.1,468.5,9.0,51.2,0,4
338,Di25,TriU,NCCCCCCNCCCCCCN,C1=CC(=CC=C1/C=C/C2=CC(=CC(=C2)/C=C/C3=CC=C(C=C3)C=O)/C=C/C4=CC=C(C=C4)C=O)C=O,dissolved,28.47037026,1,0,95.0,1,0,0,215.236147938,3,3,15,0.8,215.38,12,64.1,0.0,654.0,1.0,0.0,3.0,468.17254462,3.0,0.0,36.0,7.1,468.5,9.0,51.2,0,4
339,Di26,TriU,NCCCCCCN,C1=CC(=CC=C1/C=C/C2=CC(=CC(=C2)/C=C/C3=CC=C(C=C3)C=O)/C=C/C4=CC=C(C=C4)C=O)C=O,dissolved,41.75980709,1,0,31.5,1,0,0,116.131348519,2,2,8,-0.2,116.2,5,52.0,0.0,654.0,1.0,0.0,3.0,468.17254462,3.0,0.0,36.0,7.1,468.5,9.0,51.2,0,4
340,Di27,TriU,NCc1ccc(CN)cc1,C1=CC(=CC=C1/C=C/C2=CC(=CC(=C2)/C=C/C3=CC=C(C=C3)C=O)/C=C/C4=CC=C(C=C4)C=O)C=O,turbid,59.69183422,0,0,73.3,1,0,0,136.100048391,2,2,10,-0.4,136.19,2,52.0,0.0,654.0,1.0,0.0,3.0,468.17254462,3.0,0.0,36.0,7.1,468.5,9.0,51.2,1,4
341,Di28,TriU,NCC1CCC(CN)CC1,C1=CC(=CC=C1/C=C/C2=CC(=CC(=C2)/C=C/C3=CC=C(C=C3)C=O)/C=C/C4=CC=C(C=C4)C=O)C=O,turbid,61.25775173,0,0,73.3,1,0,0,142.146998583,2,2,10,0.1,142.24,2,52.0,0.0,654.0,1.0,0.0,3.0,468.17254462,3.0,0.0,36.0,7.1,468.5,9.0,51.2,0,4
342,Di29,TriU,CN(CCCN)CCCN,C1=CC(=CC=C1/C=C/C2=CC(=CC(=C2)/C=C/C3=CC=C(C=C3)C=O)/C=C/C4=CC=C(C=C4)C=O)C=O,dissolved,24.3458965,1,0,57.9,1,0,0,145.157897619,3,2,10,-0.9,145.25,6,55.3,0.0,654.0,1.0,0.0,3.0,468.17254462,3.0,0.0,36.0,7.1,468.5,9.0,51.2,0,4
343,Di30,TriU,NCCOCCN,C1=CC(=CC=C1/C=C/C2=CC(=CC(=C2)/C=C/C3=CC=C(C=C3)C=O)/C=C/C4=CC=C(C=C4)C=O)C=O,dissolved,42.53278921,1,0,28.9,1,0,0,104.094963011,3,2,7,-1.8,104.15,4,61.3,0.0,654.0,1.0,0.0,3.0,468.17254462,3.0,0.0,36.0,7.1,468.5,9.0,51.2,0,4
344,Di31,TriU,NCC1=CC(CN)=CC=C1,C1=CC(=CC=C1/C=C/C2=CC(=CC(=C2)/C=C/C3=CC=C(C=C3)C=O)/C=C/C4=CC=C(C=C4)C=O)C=O,dissolved,30.91862329,1,0,83.3,1,0,0,136.100048391,2,2,10,-0.3,136.19,2,52.0,0.0,654.0,1.0,0.0,3.0,468.17254462,3.0,0.0,36.0,7.1,468.5,9.0,51.2,1,4
345,Di32,TriU,NCC(CN)O,C1=CC(=CC=C1/C=C/C2=CC(=CC(=C2)/C=C/C3=CC=C(C=C3)C=O)/C=C/C4=CC=C(C=C4)C=O)C=O,dissolved,47.55838023,1,0,28.0,1,0,0,90.079312947,3,3,6,-2.3,90.12,2,72.3,0.0,654.0,1.0,0.0,3.0,468.17254462,3.0,0.0,36.0,7.1,468.5,9.0,51.2,0,4
346,Di33,TriU,NCCCC[C@H](N)C(=O)O,C1=CC(=CC=C1/C=C/C2=CC(=CC(=C2)/C=C/C3=CC=C(C=C3)C=O)/C=C/C4=CC=C(C=C4)C=O)C=O,dissolved,28.70607889,1,0,106.0,1,1,0,146.105527694,4,3,10,-3.0,146.19,5,89.3,0.0,654.0,1.0,0.0,3.0,468.17254462,3.0,0.0,36.0,7.1,468.5,9.0,51.2,0,4
347,Di34,TriU,N[C@H]1CC[C@H](N)CC1,C1=CC(=CC=C1/C=C/C2=CC(=CC(=C2)/C=C/C3=CC=C(C=C3)C=O)/C=C/C4=CC=C(C=C4)C=O)C=O,dissolved,50.14065298,1,0,54.9,1,0,0,114.115698455,2,2,8,-0.3,114.19,0,52.0,0.0,654.0,1.0,0.0,3.0,468.17254462,3.0,0.0,36.0,7.1,468.5,9.0,51.2,0,4
