,experiment,plate,formulation_number,di_name,tri_name,tri_count,di_count,adduct,charge,calculated_mz,spectrum_mz,separation_mz,intensity,topology
0,AB-02-005,1,9,Di1,TriB,2,3,H2,2,355.20484779749995,355.20633,355.70863,4345000.0,2+3
1,AB-02-005,1,9,Di1,TriB,2,3,Na1,1,731.3838148120999,731.38679,732.39014,5375000.0,2+3
2,AB-02-005,1,9,Di1,TriB,2,3,K1,1,747.3577522111999,747.36147,748.36423,702500.0,2+3
3,AB-02-005,1,10,Di2,TriB,2,3,H2,2,463.29112068029997,463.29423,463.79488,10610000.0,2+3
4,AB-02-005,1,10,Di2,TriB,2,3,H1,1,925.5744163287,925.5803,926.58282,16530000.0,2+3
5,AB-02-005,1,10,Di2,TriB,2,3,H4N1,1,942.6009654244,942.59213,943.60048,311300.0,2+3
6,AB-02-005,1,10,Di2,TriB,2,3,Na1,1,947.5563605776999,947.56194,948.56562,2233000.0,2+3
7,AB-02-005,1,10,Di2,TriB,2,3,K1,1,963.5302979768,963.53421,964.53787,4061000.0,2+3
8,AB-02-005,1,11,Di3,TriB,4,6,H2,2,895.1873447517,895.19272,895.68786,104200.0,4+6
9,AB-02-005,1,12,Di4,TriB,4,6,H1,1,1417.7959160942999,1417.80087,1418.80382,866900.0,4+6
10,AB-02-005,1,13,Di5,TriB,2,3,H1,1,925.2888088203001,925.2937,926.30066,423000.0,2+3
11,AB-02-005,1,13,Di5,TriB,2,3,Na1,1,947.2707530693001,947.27459,948.27853,222900.0,2+3
12,AB-02-005,1,14,Di6,TriB,4,6,H2,2,937.4957709459,937.50144,938.00128,611000.0,4+6
13,AB-02-005,1,15,Di7,TriB,2,3,K1,1,1047.451652594,1047.45634,1048.46074,87020.0,2+3
14,AB-02-005,1,17,Di1,TriC,2,3,H2,2,294.18444670179997,294.18583,294.68739,5013000.0,2+3
15,AB-02-005,1,17,Di1,TriC,2,3,H1,1,587.3610683717,587.36399,588.36634,15210000.0,2+3
16,AB-02-005,1,17,Di1,TriC,2,3,Na1,1,609.3430126206999,609.34493,610.34898,3946000.0,2+3
17,AB-02-005,1,17,Di1,TriC,2,3,K1,1,625.3169500198,625.32013,626.32222,156900.0,2+3
18,AB-02-005,1,18,Di2,TriC,2,3,H1,1,803.5336141373,803.53682,804.54486,11480000.0,2+3
19,AB-02-005,1,18,Di2,TriC,2,3,Na1,1,825.5155583863,825.52135,826.52283,22590000.0,2+3
20,AB-02-005,1,18,Di2,TriC,2,3,K1,1,841.4894957854,841.48458,842.48841,2317000.0,2+3
21,AB-02-005,1,19,Di3,TriC,2,3,H2,2,387.07718379610003,387.07792,387.57902,3262000.0,2+3
22,AB-02-005,1,19,Di3,TriC,2,3,H1,1,773.1465425603001,773.15244,774.15337,19630000.0,2+3
23,AB-02-005,1,19,Di3,TriC,2,3,Na1,1,795.1284868093001,795.13122,796.13406,10660000.0,2+3
24,AB-02-005,1,20,Di4,TriC,2,3,H2,2,294.18444670179997,294.18634,294.68708,6131000.0,2+3
25,AB-02-005,1,20,Di4,TriC,2,3,H1,1,587.3610683717,587.36447,588.36833,21520000.0,2+3
26,AB-02-005,1,20,Di4,TriC,2,3,Na1,1,609.3430126206999,609.34618,610.34836,15880000.0,2+3
27,AB-02-005,1,21,Di5,TriC,2,3,H2,2,402.12791583040007,402.13153,402.63089,10810000.0,2+3
28,AB-02-005,1,21,Di5,TriC,2,3,H1,1,803.2480066289002,803.25112,804.25463,5560000.0,2+3
29,AB-02-005,1,21,Di5,TriC,2,3,Na1,1,825.2299508779001,825.23185,826.23512,965200.0,2+3
30,AB-02-005,1,21,Di5,TriC,4,6,H1,1,1605.4881882259003,1605.48718,1606.49259,46260.0,4+6
31,AB-02-005,1,22,Di6,TriC,2,3,H2,2,408.2313968932,408.23332,408.73454,12610000.0,2+3
32,AB-02-005,1,22,Di6,TriC,2,3,Na2,2,430.2133411422,430.21734,430.7181,207100.0,2+3
33,AB-02-005,1,22,Di6,TriC,2,3,H1,1,815.4549687545,815.45874,816.46316,16930000.0,2+3
34,AB-02-005,1,22,Di6,TriC,2,3,Na1,1,837.4369130035,837.44033,838.44326,11190000.0,2+3
35,AB-02-005,1,23,Di7,TriC,4,6,H2,2,887.4549687545,887.45828,887.95827,2777000.0,4+6
36,AB-02-005,1,23,Di7,TriC,4,6,H1,1,1773.9021124771,1773.90259,1774.9082,334300.0,4+6
37,AB-02-005,1,24,Di8,TriC,2,3,H1,1,893.4264625631001,893.42942,894.43391,157600.0,2+3
38,AB-02-005,1,26,Di2,TriD,2,3,H2,2,505.3380708717,505.34092,505.84178,11050000.0,2+3
39,AB-02-005,1,26,Di2,TriD,2,3,H1,1,1009.6683167115,1009.67325,1010.68457,13550000.0,2+3
40,AB-02-005,1,26,Di2,TriD,2,3,Na1,1,1031.6502609605,1031.65516,1032.65849,1168000.0,2+3
41,AB-02-005,1,26,Di2,TriD,2,3,K1,1,1047.6241983596,1047.62865,1048.63241,3187000.0,2+3
42,AB-02-005,1,27,Di3,TriD,2,3,H2,2,490.1445350832,490.14524,490.64601,97710.0,2+3
43,AB-02-005,1,27,Di3,TriD,2,3,H1,1,979.2812451345001,979.28643,980.287,97480.0,2+3
44,AB-02-005,1,28,Di4,TriD,4,6,H2,2,793.4957709459,793.50014,794.00148,565700.0,4+6
45,AB-02-005,1,28,Di4,TriD,4,6,H1,1,1585.9837168599,1585.98595,1586.98858,327300.0,4+6
46,AB-02-005,1,28,Di4,TriD,4,6,Na1,1,1607.9656611089,1607.96773,1608.97131,101700.0,4+6
47,AB-02-005,1,29,Di5,TriD,2,3,H2,2,505.19526711750007,505.19965,505.70167,53410.0,2+3
48,AB-02-005,1,29,Di5,TriD,2,3,H1,1,1009.3827092031001,1009.3894,1010.39262,1685000.0,2+3
49,AB-02-005,1,29,Di5,TriD,4,6,H2,2,1009.3827092031001,1009.3894,1009.88725,1685000.0,4+6
50,AB-02-005,1,29,Di5,TriD,2,3,Na1,1,1031.3646534521001,1031.3698,1032.37275,513700.0,2+3
51,AB-02-005,1,29,Di5,TriD,2,3,K1,1,1047.3385908512003,1047.34458,1048.34733,23430.0,2+3
52,AB-02-005,1,29,Di5,TriD,4,6,H1,1,2017.7575933743003,2017.75563,2018.76692,45490.0,4+6
53,AB-02-005,1,30,Di6,TriD,4,6,H1,1,2042.1715176255,2042.17584,2043.17288,32670.0,4+6
54,AB-02-005,1,31,Di7,TriD,2,3,H2,2,547.2987481803,547.30118,547.80338,1369000.0,2+3
55,AB-02-005,1,31,Di7,TriD,2,3,H1,1,1093.5896713287,1093.59395,1094.59772,3168000.0,2+3
56,AB-02-005,1,31,Di7,TriD,4,6,H2,2,1093.5896713287,1093.59395,1094.08755,3168000.0,4+6
57,AB-02-005,1,31,Di7,TriD,2,3,Na1,1,1115.5716155777,1115.57693,1116.57983,552100.0,2+3
58,AB-02-005,1,31,Di7,TriD,2,3,K1,1,1131.5455529768,1131.5491,1132.55266,336800.0,2+3
59,AB-02-005,1,31,Di7,TriD,4,6,H1,1,2186.1715176255,2186.17035,2187.17387,107600.0,4+6
60,AB-02-005,1,33,Di1,TriE,4,6,H1,1,1341.9021124771,1341.90269,1342.90713,44160.0,4+6
61,AB-02-005,1,34,Di2,TriE,2,3,Na2,2,466.29961402500004,466.30317,466.80482,226800.0,2+3
62,AB-02-005,1,34,Di2,TriE,2,3,H1,1,887.6275145201,887.63182,888.63466,14180000.0,2+3
63,AB-02-005,1,34,Di2,TriE,2,3,Na1,1,909.6094587691,909.61297,910.61646,6163000.0,2+3
64,AB-02-005,1,34,Di2,TriE,2,3,K1,1,925.5833961682,925.57973,926.58297,5486000.0,2+3
65,AB-02-005,1,35,Di3,TriE,2,3,H2,2,429.1241339875,429.12577,429.62744,4604000.0,2+3
66,AB-02-005,1,35,Di3,TriE,2,3,H1,1,857.2404429431,857.24411,858.24685,11290000.0,2+3
67,AB-02-005,1,35,Di3,TriE,2,3,Na1,1,879.2223871921,879.22528,880.22863,991800.0,2+3
68,AB-02-005,1,36,Di4,TriE,2,3,H1,1,671.4549687545,671.45788,672.46225,18020000.0,2+3
69,AB-02-005,1,36,Di4,TriE,2,3,Na1,1,693.4369130035,693.44144,694.44375,1919000.0,2+3
70,AB-02-005,1,37,Di5,TriE,2,3,H1,1,887.3419070117001,887.34546,888.34965,2369000.0,2+3
71,AB-02-005,1,38,Di6,TriE,2,3,H2,2,450.2783470846,450.28101,450.78193,14010000.0,2+3
72,AB-02-005,1,38,Di6,TriE,2,3,H1,1,899.5488691373,899.55678,900.55693,19440000.0,2+3
73,AB-02-005,1,38,Di6,TriE,2,3,Na1,1,921.5308133863,921.53452,922.53772,746200.0,2+3
74,AB-02-005,1,39,Di7,TriE,2,3,H2,2,486.2783470846,486.27996,486.78014,1838000.0,2+3
75,AB-02-005,1,39,Di7,TriE,2,3,H1,1,971.5488691373,971.55229,972.55613,4239000.0,2+3
76,AB-02-005,1,39,Di7,TriE,2,3,Na1,1,993.5308133863,993.53588,994.53837,274400.0,2+3
77,AB-02-005,1,39,Di7,TriE,2,3,K1,1,1009.5047507854,1009.51482,1010.51738,305300.0,2+3
78,AB-02-005,1,40,Di8,TriE,2,3,H1,1,977.5203629459002,977.52416,978.528,390500.0,2+3
79,AB-02-005,1,40,Di8,TriE,2,3,Na1,1,999.5023071949001,999.50699,1000.51111,200300.0,2+3
80,AB-02-005,2,1,Di17,TriG,4,6,H2,2,397.2140697975,397.21566,397.7205,1416000.0,4+6
81,AB-02-005,2,1,Di17,TriG,4,6,H1,1,793.4203145631,793.4233,794.427,4125000.0,4+6
82,AB-02-005,2,1,Di17,TriG,4,6,Na1,1,815.4022588121,815.40695,816.4112,1014000.0,4+6
83,AB-02-005,2,1,Di17,TriG,8,12,H1,1,1585.8328040943,1585.83685,1586.83742,68910.0,8+12
84,AB-02-005,2,2,Di18,TriG,2,3,H1,1,523.3549203717,523.3547,524.35891,3124000.0,2+3
85,AB-02-005,2,8,Di24,TriG,4,6,H2,2,559.3549203717,559.35719,559.85818,2989000.0,4+6
86,AB-02-005,2,8,Di24,TriG,4,6,H1,1,1117.7020157115,1117.70734,1118.7109,3007000.0,4+6
87,AB-02-005,2,8,Di24,TriG,4,6,Na1,1,1139.6839599605,1139.69245,1140.69507,1554000.0,4+6
88,AB-02-005,2,8,Di24,TriG,4,6,K1,1,1155.6578973596002,1155.66032,1156.67662,16910.0,4+6
89,AB-02-005,2,8,Di24,TriG,8,12,H1,1,2234.3962063911003,2234.39811,2235.39935,29680.0,8+12
90,AB-02-005,2,10,Di18,TriH,2,3,H2,2,490.27527308460003,490.27667,490.77838,5571000.0,2+3
91,AB-02-005,2,10,Di18,TriH,2,3,H1,1,979.5427211373001,979.5487,980.55187,13320000.0,2+3
92,AB-02-005,2,10,Di18,TriH,4,6,Na1,1,1980.0595614917002,1980.0596,1981.0676,42010.0,4+6
93,AB-02-005,2,15,Di23,TriH,2,3,H1,1,1015.5427211373001,1015.54683,1016.55012,330900.0,2+3
94,AB-02-005,2,17,Di17,TriI,4,6,H1,1,857.3999745631002,857.40358,858.40578,11720000.0,4+6
95,AB-02-005,2,17,Di17,TriI,4,6,Na1,1,879.3819188121001,879.3848,880.38765,646600.0,4+6
96,AB-02-005,2,18,Di18,TriI,2,3,H2,2,278.1762877018,278.17742,278.67885,9491000.0,2+3
97,AB-02-005,2,18,Di18,TriI,2,3,H1,1,555.3447503717,555.34835,556.35174,25470000.0,2+3
98,AB-02-005,2,18,Di18,TriI,2,3,Na1,1,577.3266946207,577.32893,578.33221,1469000.0,2+3
99,AB-02-005,2,20,Di20,TriI,4,6,H2,2,885.3917005630999,885.39135,885.89567,177000.0,4+6
100,AB-02-005,2,20,Di20,TriI,4,6,H1,1,1769.7755760942998,1769.77339,1770.77746,103800.0,4+6
101,AB-02-005,2,23,Di23,TriI,4,6,H2,2,591.3447503717,591.34854,591.84854,18220000.0,4+6
102,AB-02-005,2,23,Di23,TriI,6,9,H2,2,886.5132130416,886.51607,887.01872,262900.0,6+9
103,AB-02-005,2,23,Di23,TriI,8,12,H2,2,1181.6816757115,1181.68685,1182.18796,622800.0,8+12
104,AB-02-005,2,23,Di23,TriI,6,9,H1,1,1772.0186010513,1772.01827,1773.02389,171300.0,6+9
105,AB-02-005,2,23,Di23,TriI,8,12,H1,1,2362.3555263911003,2362.35395,2363.35646,62720.0,8+12
106,AB-02-005,2,24,Di24,TriI,8,12,Na1,1,2384.3374706401,2384.3356,2385.3378,44930.0,8+12
107,AB-02-005,2,25,Di17,TriJ,4,6,H1,1,1461.7143117115002,1461.7167,1462.71816,162500.0,4+6
108,AB-02-005,2,26,Di18,TriJ,2,3,H2,2,429.25487198890005,429.25803,429.75872,7992000.0,2+3
109,AB-02-005,2,26,Di18,TriJ,2,3,H1,1,857.5019189459001,857.50763,858.50935,19940000.0,2+3
110,AB-02-005,2,26,Di18,TriJ,4,6,H1,1,1713.9960128599002,1714.00107,1715.00634,20380.0,4+6
111,AB-02-005,2,26,Di18,TriJ,4,6,Na1,1,1735.9779571089002,1735.98131,1736.98306,138000.0,4+6
112,AB-02-005,2,31,Di23,TriJ,4,6,H2,2,893.5019189459001,893.50627,893.99059,1703000.0,4+6
113,AB-02-005,2,31,Di23,TriJ,4,6,H1,1,1785.9960128599002,1785.99436,1786.99909,21820.0,4+6
114,AB-02-005,2,32,Di24,TriJ,4,6,H2,2,893.5019189459001,893.50599,894.00641,3443000.0,4+6
115,AB-02-005,2,32,Di24,TriJ,6,9,H2,2,1339.7489659029,1339.7518,1340.25625,33820.0,6+9
116,AB-02-005,2,32,Di24,TriJ,4,6,H1,1,1785.9960128599002,1785.99938,1787.00312,1201000.0,4+6
117,AB-02-005,2,34,Di18,TriK,2,3,H2,2,493.2610199889,493.26351,493.76449,1988000.0,2+3
118,AB-02-005,2,34,Di18,TriK,2,3,H1,1,985.5142149459,985.51981,986.52308,5307000.0,2+3
119,AB-02-005,2,34,Di18,TriK,2,3,Na1,1,1007.4961591949,1007.50561,1008.50459,111100.0,2+3
120,AB-02-005,2,39,Di23,TriK,2,3,H1,1,1021.5142149459,1021.51852,1022.52098,48100.0,2+3
121,AB-02-005,2,40,Di24,TriK,4,6,H2,2,1021.5142149459,1021.51814,1022.01973,426100.0,4+6
122,AB-02-005,2,40,Di24,TriK,4,6,H1,1,2042.0206048599,2042.01882,2043.02144,70540.0,4+6
123,AB-02-005,2,42,Di18,TriL,2,3,H2,2,562.2752730846,562.27748,562.77876,2151000.0,2+3
124,AB-02-005,2,42,Di18,TriL,2,3,H1,1,1123.5427211373,1123.54786,1124.55141,2894000.0,2+3
125,AB-02-005,2,47,Di23,TriL,2,3,H1,1,1159.5427211373,1159.54919,1160.55206,252500.0,2+3
126,AB-02-005,2,48,Di24,TriL,2,3,H2,2,580.2752730846,580.27771,580.78309,61770.0,2+3
127,AB-02-005,2,48,Di24,TriL,2,3,H1,1,1159.5427211373,1159.54866,1160.5521,359400.0,2+3
128,AB-02-005,2,48,Di24,TriL,4,6,H2,2,1159.5427211373,1159.54866,1160.05004,359400.0,4+6
129,AB-02-005,3,11,Di11,TriB,2,3,H2,2,475.2610199889,475.26286,475.76402,4425000.0,2+3
130,AB-02-005,3,11,Di11,TriB,2,3,H1,1,949.5142149459,949.51917,950.52255,8680000.0,2+3
131,AB-02-005,3,11,Di11,TriB,2,3,Na1,1,971.4961591949,971.5022,972.5053,723800.0,2+3
132,AB-02-005,3,11,Di11,TriB,2,3,K1,1,987.470096594,987.47906,988.48009,112800.0,2+3
133,AB-02-005,3,11,Di11,TriB,4,6,H1,1,1898.0206048599,1898.02162,1899.02598,73450.0,4+6
134,AB-02-005,3,12,Di12,TriB,2,3,H1,1,949.5896713287,949.59486,950.5978,5857000.0,2+3
135,AB-02-005,3,15,Di15,TriB,2,3,H2,2,580.306968276,580.31038,580.81147,1720000.0,2+3
136,AB-02-005,3,15,Di15,TriB,2,3,Na2,2,602.288912525,602.29315,602.79475,217200.0,2+3
137,AB-02-005,3,15,Di15,TriB,2,3,H1,1,1159.6061115201,1159.61289,1160.61601,4867000.0,2+3
138,AB-02-005,3,15,Di15,TriB,2,3,Na1,1,1181.5880557691,1181.59579,1182.59752,478900.0,2+3
139,AB-02-005,3,16,Di16,TriB,4,6,H2,2,1183.7939122857001,1183.80082,1184.30033,736300.0,4+6
140,AB-02-005,3,16,Di16,TriB,4,6,H1,1,2366.5799995395005,2366.58604,2367.58899,775100.0,4+6
141,AB-02-005,3,18,Di10,TriC,2,3,H1,1,587.3610683717,587.36285,588.36326,260400.0,2+3
142,AB-02-005,3,19,Di11,TriC,2,3,H2,2,414.2406188932,414.24269,414.74412,9553000.0,2+3
143,AB-02-005,3,19,Di11,TriC,2,3,H1,1,827.4734127545,827.47759,828.48238,11230000.0,2+3
144,AB-02-005,3,19,Di11,TriC,2,3,Na1,1,849.4553570035,849.46053,850.46277,14510000.0,2+3
145,AB-02-005,3,20,Di12,TriC,2,3,H2,2,414.2783470846,414.28006,414.78187,9703000.0,2+3
146,AB-02-005,3,20,Di12,TriC,2,3,Na1,1,849.5308133863,849.53437,850.53822,4221000.0,2+3
147,AB-02-005,3,21,Di13,TriC,2,3,H2,2,588.294787276,588.29638,588.79783,9689000.0,2+3
148,AB-02-005,3,21,Di13,TriC,2,3,Na2,2,610.276731525,610.28093,610.78194,269200.0,2+3
149,AB-02-005,3,21,Di13,TriC,2,3,H1,1,1175.5817495201,1175.58807,1176.5911,8423000.0,2+3
150,AB-02-005,3,21,Di13,TriC,2,3,Na1,1,1197.5636937691,1197.56929,1198.57285,5108000.0,2+3
151,AB-02-005,3,23,Di15,TriC,2,3,H2,2,519.2865671803,519.28825,519.78924,5824000.0,2+3
152,AB-02-005,3,23,Di15,TriC,2,3,H1,1,1037.5653093287,1037.5695,1038.57289,3369000.0,2+3
153,AB-02-005,3,23,Di15,TriC,2,3,Na1,1,1059.5472535777,1059.55102,1060.55489,720800.0,2+3
154,AB-02-005,3,24,Di16,TriC,4,6,H2,2,1061.7531100943002,1061.75902,1062.26042,492200.0,4+6
155,AB-02-005,3,24,Di16,TriC,4,6,H1,1,2122.4983951567006,2122.49856,2123.50317,215000.0,4+6
156,AB-02-005,3,27,Di11,TriD,2,3,H2,2,517.3079701803,517.31213,517.81095,7297000.0,2+3
157,AB-02-005,3,27,Di11,TriD,2,3,H1,1,1033.6081153287,1033.614,1034.6168,8850000.0,2+3
158,AB-02-005,3,27,Di11,TriD,2,3,Na1,1,1055.5900595777,1055.59555,1056.59903,742300.0,2+3
159,AB-02-005,3,27,Di11,TriD,2,3,K1,1,1071.5639969768001,1071.56815,1072.57101,207800.0,2+3
160,AB-02-005,3,27,Di11,TriD,4,6,H1,1,2066.2084056255003,2066.21017,2067.2136,289300.0,4+6
161,AB-02-005,3,27,Di11,TriD,4,6,Na1,1,2088.1903498745,2088.19335,2089.19329,17870.0,4+6
162,AB-02-005,3,28,Di12,TriD,2,3,H1,1,1033.6835717115,1033.68908,1034.69218,6915000.0,2+3
163,AB-02-005,3,28,Di12,TriD,2,3,Na1,1,1055.6655159605,1055.67087,1056.67759,124800.0,2+3
164,AB-02-005,3,29,Di13,TriD,2,3,H2,2,691.3621385631,691.36434,691.86635,3534000.0,2+3
165,AB-02-005,3,29,Di13,TriD,2,3,H1,1,1381.7164520943,1381.72354,1382.72675,2626000.0,2+3
166,AB-02-005,3,29,Di13,TriD,2,3,Na1,1,1403.6983963433,1403.70458,1404.70839,4097000.0,2+3
167,AB-02-005,3,29,Di13,TriD,2,3,K1,1,1419.6723337424,1419.67689,1420.67977,307600.0,2+3
168,AB-02-005,3,30,Di14,TriD,2,3,H2,2,478.28449508460005,478.28573,478.78722,4351000.0,2+3
169,AB-02-005,3,30,Di14,TriD,2,3,H1,1,955.5611651373001,955.56633,956.56904,11660000.0,2+3
170,AB-02-005,3,30,Di14,TriD,2,3,Na1,1,977.5431093863001,977.54729,978.5505,2793000.0,2+3
171,AB-02-005,3,30,Di14,TriD,2,3,K1,1,993.5170467854001,993.52132,994.52378,710700.0,2+3
172,AB-02-005,3,30,Di14,TriD,4,6,H1,1,1910.1145052427003,1910.11125,1911.1167,115900.0,4+6
173,AB-02-005,3,31,Di15,TriD,2,3,H2,2,622.3539184674,622.35566,622.85709,4655000.0,2+3
174,AB-02-005,3,31,Di15,TriD,2,3,Na2,2,644.3358627164,644.34018,644.84077,302200.0,2+3
175,AB-02-005,3,31,Di15,TriD,2,3,H1,1,1243.7000119029,1243.70737,1244.71067,10110000.0,2+3
176,AB-02-005,3,31,Di15,TriD,2,3,Na1,1,1265.6819561519,1265.68769,1266.69126,775300.0,2+3
177,AB-02-005,3,31,Di15,TriD,2,3,K1,1,1281.6558935510002,1281.66044,1282.66448,377100.0,2+3
178,AB-02-005,3,31,Di15,TriD,4,6,H1,1,2486.3921987739004,2486.39411,2487.39805,56810.0,4+6
179,AB-02-005,3,32,Di16,TriD,4,6,H2,2,1267.8878126685001,1267.8925,1268.39446,1315000.0,4+6
180,AB-02-005,3,32,Di16,TriD,4,6,H1,1,2534.7678003051005,2534.77335,2535.7785,1095000.0,4+6
181,AB-02-005,3,32,Di16,TriD,4,6,H4N1,1,2551.7943494008005,2551.77534,2552.78446,26630.0,4+6
182,AB-02-005,3,35,Di11,TriE,2,3,H2,2,456.2875690846,456.2893,456.79076,9412000.0,2+3
183,AB-02-005,3,35,Di11,TriE,2,3,H1,1,911.5673131373001,911.5738,912.57567,18250000.0,2+3
184,AB-02-005,3,35,Di11,TriE,2,3,Na1,1,933.5492573863,933.55401,934.55643,1817000.0,2+3
185,AB-02-005,3,36,Di12,TriE,2,3,H2,2,456.325297276,456.32692,456.82832,5588000.0,2+3
186,AB-02-005,3,36,Di12,TriE,2,3,H1,1,911.6427695201,911.65025,912.65158,16540000.0,2+3
187,AB-02-005,3,38,Di14,TriE,2,3,H2,2,417.2640939889,417.26526,417.77097,1763000.0,2+3
188,AB-02-005,3,38,Di14,TriE,2,3,H1,1,833.5203629459,833.52726,834.52832,16890000.0,2+3
189,AB-02-005,3,38,Di14,TriE,2,3,Na1,1,855.5023071949,855.50595,856.50931,4010000.0,2+3
190,AB-02-005,3,39,Di15,TriE,2,3,H1,1,1121.6592097115,1121.66583,1122.66929,1539000.0,2+3
191,AB-02-005,3,39,Di15,TriE,2,3,Na1,1,1143.6411539604999,1143.64718,1144.64978,67750.0,2+3
192,AB-02-005,3,40,Di16,TriE,2,3,H2,2,573.4274177545,573.43286,573.93319,1385000.0,2+3
193,AB-02-005,3,40,Di16,TriE,2,3,H1,1,1145.8470104771,1145.85384,1146.85786,5404000.0,2+3
194,AB-02-005,3,40,Di16,TriE,2,3,Na1,1,1167.8289547261,1167.83974,1168.84281,73360.0,2+3
195,AB-02-005,4,1,Di17,TriM,2,3,H1,1,853.4018705631,853.40848,854.4103,756200.0,2+3
196,AB-02-005,4,1,Di17,TriM,2,3,Na1,1,875.3838148121,875.38995,876.39501,82640.0,2+3
197,AB-02-005,4,2,Di18,TriM,2,3,H2,2,490.27527308460003,490.27672,490.77915,3241000.0,2+3
198,AB-02-005,4,2,Di18,TriM,2,3,H1,1,979.5427211373001,979.54858,980.5519,7815000.0,2+3
199,AB-02-005,4,2,Di18,TriM,4,6,H1,1,1958.0776172427002,1958.07954,1959.083,62420.0,4+6
200,AB-02-005,4,7,Di23,TriM,4,6,H1,1,2030.0776172427002,2030.07631,2031.08206,91650.0,4+6
201,AB-02-005,4,8,Di24,TriM,2,3,H2,2,508.27527308460003,508.2769,508.77776,2127000.0,2+3
202,AB-02-005,4,8,Di24,TriM,2,3,H1,1,1015.5427211373001,1015.54741,1016.55066,5043000.0,2+3
203,AB-02-005,4,8,Di24,TriM,2,3,Na1,1,1037.5246653863,1037.52912,1038.53265,295300.0,2+3
204,AB-02-005,4,8,Di24,TriM,6,9,H2,2,1522.8101691900001,1522.8067,1523.3187,19310.0,6+9
205,AB-02-005,4,8,Di24,TriM,4,6,H1,1,2030.0776172427002,2030.07732,2031.08219,365600.0,4+6
206,AB-02-005,4,8,Di24,TriM,4,6,Na1,1,2052.0595614917,2052.05525,2053.06208,28170.0,4+6
207,AB-02-005,4,10,Di18,TriN,2,3,H2,2,490.27527308460003,490.27562,490.7784,5143000.0,2+3
208,AB-02-005,4,10,Di18,TriN,2,3,H1,1,979.5427211373001,979.54795,980.55101,5769000.0,2+3
209,AB-02-005,4,10,Di18,TriN,2,3,Na1,1,1001.5246653863001,1001.52957,1002.53385,1010000.0,2+3
210,AB-02-005,4,10,Di18,TriN,2,3,K1,1,1017.4986027854001,1017.50212,1018.50775,37280.0,2+3
211,AB-02-005,4,12,Di20,TriN,2,3,H2,2,655.2987481803,655.30262,655.80357,229300.0,2+3
212,AB-02-005,4,12,Di20,TriN,2,3,H1,1,1309.5896713287,1309.59743,1310.60007,363400.0,2+3
213,AB-02-005,4,12,Di20,TriN,2,3,Na1,1,1331.5716155777,1331.57887,1332.58144,136300.0,2+3
214,AB-02-005,4,13,Di21,TriN,2,3,H2,2,637.2441704889001,637.24873,637.7482,1398000.0,2+3
215,AB-02-005,4,13,Di21,TriN,2,3,Na2,2,659.2261147379,659.23127,659.73061,49690.0,2+3
216,AB-02-005,4,13,Di21,TriN,2,3,H1,1,1273.4805159459002,1273.48749,1274.49095,1185000.0,2+3
217,AB-02-005,4,13,Di21,TriN,2,3,Na1,1,1295.4624601949001,1295.46812,1296.47184,1130000.0,2+3
218,AB-02-005,4,15,Di23,TriN,2,3,H1,1,1015.5427211373001,1015.5479,1016.55161,4887000.0,2+3
219,AB-02-005,4,16,Di24,TriN,2,3,H1,1,1015.5427211373001,1015.54811,1016.55156,4980000.0,2+3
220,AB-02-005,4,16,Di24,TriN,2,3,Na1,1,1037.5246653863,1037.52883,1038.53309,999400.0,2+3
221,AB-02-005,4,25,Di17,TriP,2,3,H1,1,793.2774601803,793.2784,794.28184,99720.0,2+3
222,AB-02-005,4,26,Di18,TriP,2,3,H2,2,460.2130678932,460.21693,460.71899,90370.0,2+3
223,AB-02-005,4,26,Di18,TriP,2,3,H1,1,919.4183107545,919.42278,920.42545,709700.0,2+3
224,AB-02-005,4,26,Di18,TriP,2,3,K1,1,957.3741924026,957.37781,958.38074,77880.0,2+3
225,AB-02-005,4,33,Di17,TriQ,2,3,H1,1,1009.4957709459,1009.50035,1010.50367,138000.0,2+3
226,AB-02-005,4,34,Di18,TriQ,2,3,H2,2,568.322223276,568.3251,568.82715,127200.0,2+3
227,AB-02-005,4,34,Di18,TriQ,2,3,H1,1,1135.6366215201,1135.64059,1136.64462,174500.0,2+3
228,AB-02-005,4,39,Di23,TriQ,2,3,H2,2,586.322223276,586.32375,586.8269,84390.0,2+3
229,AB-02-005,4,40,Di24,TriQ,2,3,H2,2,586.322223276,586.32626,586.82796,582100.0,2+3
230,AB-02-005,4,40,Di24,TriQ,2,3,H1,1,1171.6366215201,1171.64272,1172.64623,972700.0,2+3
231,AB-02-005,4,41,Di17,TriR,2,3,H2,2,517.2365429888999,517.24029,517.74214,175400.0,2+3
232,AB-02-005,4,41,Di17,TriR,2,3,H1,1,1033.4652609459,1033.47038,1034.47436,774500.0,2+3
233,AB-02-005,4,41,Di17,TriR,2,3,Na1,1,1055.4472051948999,1055.45068,1056.45336,221900.0,2+3
234,AB-02-005,4,42,Di18,TriR,2,3,H2,2,580.306968276,580.30302,580.81156,216900.0,2+3
235,AB-02-005,4,42,Di18,TriR,2,3,H1,1,1159.6061115201,1159.61076,1160.61377,247800.0,2+3
236,AB-02-005,4,47,Di23,TriR,2,3,H2,2,598.306968276,598.31051,598.81248,537200.0,2+3
237,AB-02-005,4,47,Di23,TriR,2,3,H1,1,1195.6061115201,1195.61118,1196.61399,543800.0,2+3
238,AB-02-005,4,47,Di23,TriR,2,3,Na1,1,1217.5880557691,1217.59097,1218.59073,80670.0,2+3
239,AB-02-005,4,48,Di24,TriR,2,3,H2,2,598.306968276,598.30931,598.81236,1409000.0,2+3
240,AB-02-005,4,48,Di24,TriR,2,3,H1,1,1195.6061115201,1195.61285,1196.61612,8728000.0,2+3
241,AB-02-005,4,48,Di24,TriR,2,3,Na1,1,1217.5880557691,1217.59382,1218.59768,593400.0,2+3
242,AB-02-007,1,6,Di24,TriG,8,12,H1,1,2234.3962063911003,2234.40247,2235.40147,34600.0,8+12
243,AB-02-007,1,7,Di25,TriG,2,3,H2,2,431.86204691955,431.86397,432.36534,8428000.0,2+3
244,AB-02-007,1,7,Di25,TriG,2,3,Na1,1,884.6982130562,884.70057,885.70305,422600.0,2+3
245,AB-02-007,1,7,Di25,TriG,4,6,H1,1,1724.4247125825,1724.42345,1725.42854,193100.0,4+6
246,AB-02-007,1,9,Di18,TriH,2,3,H2,2,490.27527308460003,490.27597,490.77967,210400.0,2+3
247,AB-02-007,1,9,Di18,TriH,2,3,H1,1,979.5427211373001,979.54387,980.54888,1051000.0,2+3
248,AB-02-007,1,13,Di23,TriH,2,3,H1,1,1015.5427211373001,1015.54383,1016.54701,698300.0,2+3
249,AB-02-007,1,15,Di25,TriH,2,3,H2,2,659.95594730235,659.9568,660.45913,1981000.0,2+3
250,AB-02-007,1,15,Di25,TriH,2,3,H1,1,1318.9040695728,1318.90532,1319.90816,850400.0,2+3
251,AB-02-007,1,16,Di26,TriH,2,3,H1,1,1021.5896713287,1021.58822,1022.59207,191600.0,2+3
252,AB-02-007,1,17,Di18,TriI,2,3,H2,2,278.1762877018,278.17659,278.67778,6712000.0,2+3
253,AB-02-007,1,17,Di18,TriI,2,3,Na1,1,577.3266946207,577.32802,578.33042,1330000.0,2+3
254,AB-02-007,1,17,Di18,TriI,4,6,H1,1,1109.6816757115,1109.68142,1110.68387,750000.0,4+6
255,AB-02-007,1,17,Di18,TriI,4,6,Na1,1,1131.6636199605,1131.66155,1132.66538,269700.0,4+6
256,AB-02-007,1,21,Di23,TriI,4,6,H2,2,591.3447503717,591.34542,591.84493,15310000.0,4+6
257,AB-02-007,1,21,Di23,TriI,6,9,H2,2,886.5132130416,886.51261,887.01402,127600.0,6+9
258,AB-02-007,1,21,Di23,TriI,8,12,H2,2,1181.6816757115,1181.68168,1182.18167,143800.0,8+12
259,AB-02-007,1,21,Di23,TriI,6,9,H1,1,1772.0186010513,1772.01746,1773.01529,31320.0,6+9
260,AB-02-007,1,22,Di24,TriI,4,6,H2,2,591.3447503717,591.34384,591.84503,6785000.0,4+6
261,AB-02-007,1,22,Di24,TriI,4,6,Na2,2,613.3266946207,613.33269,613.82859,90660.0,4+6
262,AB-02-007,1,22,Di24,TriI,4,6,H1,1,1181.6816757115,1181.68629,1182.68735,17500000.0,4+6
263,AB-02-007,1,22,Di24,TriI,4,6,Na1,1,1203.6636199605,1203.66248,1204.66575,786900.0,4+6
264,AB-02-007,1,22,Di24,TriI,8,12,Na1,1,2384.3374706401,2384.32787,2385.33438,21390.0,8+12
265,AB-02-007,1,23,Di25,TriI,2,3,H2,2,447.85696191955003,447.8571,448.35993,2859000.0,2+3
266,AB-02-007,1,23,Di25,TriI,2,3,H1,1,894.7060988072001,894.71092,895.70983,15270000.0,2+3
267,AB-02-007,1,23,Di25,TriI,2,3,Na1,1,916.6880430562001,916.68924,917.69274,192000.0,2+3
268,AB-02-007,1,24,Di26,TriI,4,6,Na1,1,1215.7575203432998,1215.75076,1216.73926,25770.0,4+6
269,AB-02-007,1,25,Di18,TriJ,2,3,H2,2,429.25487198890005,429.25426,429.75675,2782000.0,2+3
270,AB-02-007,1,25,Di18,TriJ,2,3,H1,1,857.5019189459001,857.50065,858.50932,11480000.0,2+3
271,AB-02-007,1,29,Di23,TriJ,2,3,H1,1,893.5019189459001,893.50225,894.50492,522100.0,2+3
272,AB-02-007,1,31,Di25,TriJ,2,3,H2,2,598.93554620665,598.93558,599.43665,9743000.0,2+3
273,AB-02-007,1,31,Di25,TriJ,2,3,H1,1,1196.8632673814,1196.86992,1197.87223,16020000.0,2+3
274,AB-02-007,1,31,Di25,TriJ,2,3,Na1,1,1218.8452116304,1218.83998,1219.84538,94370.0,2+3
275,AB-02-007,1,31,Di25,TriJ,4,6,H1,1,2392.7187097309,2392.70732,2393.71203,138600.0,4+6
276,AB-02-007,1,32,Di26,TriJ,2,3,H1,1,899.5488691373,899.55041,900.55203,13700000.0,2+3
277,AB-02-007,1,33,Di18,TriK,2,3,H2,2,493.2610199889,493.26297,493.7638,442300.0,2+3
278,AB-02-007,1,33,Di18,TriK,2,3,H1,1,985.5142149459,985.513,986.51611,5664000.0,2+3
279,AB-02-007,1,33,Di18,TriK,2,3,Na1,1,1007.4961591949,1007.50483,1008.49775,82890.0,2+3
280,AB-02-007,1,37,Di23,TriK,2,3,H2,2,511.2610199889,511.26291,511.76375,159100.0,2+3
281,AB-02-007,1,37,Di23,TriK,2,3,H1,1,1021.5142149459,1021.51324,1022.51745,938300.0,2+3
282,AB-02-007,1,38,Di24,TriK,4,6,H2,2,1021.5142149459,1021.51029,1022.0118,88810.0,4+6
283,AB-02-007,1,38,Di24,TriK,4,6,H1,1,2042.0206048599,2042.03259,2043.02842,12640.0,4+6
284,AB-02-007,1,39,Di25,TriK,2,3,H2,2,662.9416942066499,662.94156,663.44277,1029000.0,2+3
285,AB-02-007,1,39,Di25,TriK,2,3,H1,1,1324.8755633813998,1324.8732,1325.8755,598600.0,2+3
286,AB-02-007,1,40,Di26,TriK,4,6,H1,1,2054.1145052427,2054.10421,2055.10923,74780.0,4+6
287,AB-02-007,1,41,Di18,TriR,2,3,H2,2,580.306968276,580.30128,580.80916,327400.0,2+3
288,AB-02-007,1,41,Di18,TriR,2,3,H1,1,1159.6061115201,1159.60331,1160.60723,1070000.0,2+3
289,AB-02-007,1,41,Di18,TriR,2,3,Na1,1,1181.5880557691,1181.58597,1182.58748,142600.0,2+3
290,AB-02-007,1,45,Di23,TriR,2,3,H2,2,598.306968276,598.30607,598.80934,1162000.0,2+3
291,AB-02-007,1,45,Di23,TriR,2,3,H1,1,1195.6061115201,1195.60336,1196.60752,1211000.0,2+3
292,AB-02-007,1,45,Di23,TriR,2,3,Na1,1,1217.5880557691,1217.58904,1218.58866,58660.0,2+3
293,AB-02-007,1,47,Di25,TriR,2,3,H2,2,749.9876424937501,749.98507,750.48767,4390000.0,2+3
294,AB-02-007,1,47,Di25,TriR,2,3,Na2,2,771.96958674275,771.96783,772.48408,45480.0,2+3
295,AB-02-007,1,47,Di25,TriR,2,3,H1,1,1498.9674599556001,1498.96397,1499.96761,4551000.0,2+3
296,AB-02-007,1,47,Di25,TriR,2,3,Na1,1,1520.9494042046001,1520.94567,1521.94804,81390.0,2+3
297,AB-02-007,1,48,Di26,TriR,2,3,H1,1,1201.6530617115,1201.64855,1202.65141,192500.0,2+3
298,AB-02-007,3,1,Di18,TriS,2,3,H1,1,723.4175206269001,723.41749,724.42276,442900.0,2+3
299,AB-02-007,3,6,Di24,TriS,4,6,H1,1,1517.8272162219002,1517.81985,1518.81843,14000.0,4+6
300,AB-02-007,3,7,Di25,TriS,2,3,H2,2,531.8933470471501,531.89337,532.39429,161500.0,2+3
301,AB-02-007,3,7,Di25,TriS,2,3,H1,1,1062.7788690624002,1062.77413,1063.77804,369700.0,2+3
302,AB-02-007,3,8,Di26,TriS,2,3,H2,2,383.2361479251,383.23785,383.73925,500300.0,2+3
303,AB-02-007,3,8,Di26,TriS,2,3,H1,1,765.4644708183,765.46168,766.46646,2427000.0,2+3
304,AB-02-007,3,9,Di18,TriT,2,3,H2,2,310.1661177018,310.16761,310.66976,156200.0,2+3
305,AB-02-007,3,9,Di18,TriT,2,3,H1,1,619.3244103717,619.32242,620.32556,5255000.0,2+3
306,AB-02-007,3,9,Di18,TriT,4,6,H2,2,619.3244103717,619.32242,619.80821,5255000.0,4+6
307,AB-02-007,3,9,Di18,TriT,2,3,Na1,1,641.3063546207,641.30588,642.30913,1381000.0,2+3
308,AB-02-007,3,9,Di18,TriT,4,6,H1,1,1237.6409957115,1237.6409,1238.64168,99460.0,4+6
309,AB-02-007,3,9,Di18,TriT,4,6,Na1,1,1259.6229399605,1259.61892,1260.62199,1980000.0,4+6
310,AB-02-007,3,11,Di20,TriT,2,3,H1,1,949.3713605631001,949.36827,950.37245,128100.0,2+3
311,AB-02-007,3,11,Di20,TriT,2,3,H4N1,1,966.3979096588001,966.39182,967.39002,64180.0,2+3
312,AB-02-007,3,15,Di25,TriT,2,3,H2,2,479.84679191955,479.84751,480.35375,992000.0,2+3
313,AB-02-007,3,15,Di25,TriT,2,3,H1,1,958.6857588072,958.68254,959.68614,2705000.0,2+3
314,AB-02-007,3,15,Di25,TriT,4,6,H2,2,958.6857588072,958.68254,959.16295,2705000.0,4+6
315,AB-02-007,3,15,Di25,TriT,2,3,Na1,1,980.6677030562,980.66512,981.6682,297900.0,2+3
316,AB-02-007,3,16,Di26,TriT,2,3,H1,1,661.3713605631,661.37034,662.37499,1796000.0,2+3
317,AB-02-007,3,17,Di18,TriU,2,3,H2,2,568.322223276,568.32686,568.8227,518800.0,2+3
318,AB-02-007,3,17,Di18,TriU,2,3,H1,1,1135.6366215201,1135.63418,1136.63727,10850000.0,2+3
319,AB-02-007,3,21,Di23,TriU,2,3,H2,2,586.322223276,586.32413,586.82252,69330.0,2+3
320,AB-02-007,3,21,Di23,TriU,2,3,H1,1,1171.6366215201,1171.63517,1172.64092,54530.0,2+3
321,AB-02-007,3,23,Di25,TriU,2,3,H2,2,738.0028974937501,738.00001,738.50175,2495000.0,2+3
322,AB-02-007,3,23,Di25,TriU,2,3,H1,1,1474.9979699556002,1474.99269,1475.99628,978600.0,2+3
323,AB-02-007,3,23,Di25,TriU,4,6,H2,2,1474.9979699556002,1474.99269,1475.4917,978600.0,4+6
324,AB-02-007,3,23,Di25,TriU,2,3,Na1,1,1496.9799142046002,1496.97446,1497.97868,78870.0,2+3
325,AB-02-007,3,24,Di26,TriU,2,3,H2,2,589.3456983717,589.34216,589.84431,1458000.0,2+3
326,AB-02-007,3,24,Di26,TriU,2,3,H1,1,1177.6835717115,1177.67978,1178.68319,8081000.0,2+3
327,AB-02-007,3,25,Di27,TriS,2,3,H4N1,1,842.3971195312001,842.39734,843.38099,17700.0,2+3
328,AB-02-007,3,26,Di28,TriS,4,6,H2,2,843.5114210097001,843.50815,844.0078,112800.0,4+6
329,AB-02-007,3,29,Di31,TriS,2,3,H1,1,825.3705704355001,825.36877,826.37122,654900.0,2+3
330,AB-02-007,3,30,Di32,TriS,2,3,H1,1,687.3083652441001,687.30795,688.31166,499100.0,2+3
331,AB-02-007,3,35,Di29,TriT,2,3,H2,2,374.72941644105003,374.72873,375.23349,1599000.0,2+3
332,AB-02-007,3,35,Di29,TriT,2,3,H1,1,748.4510078502001,748.44861,749.45204,5703000.0,2+3
333,AB-02-007,3,35,Di29,TriT,4,6,H1,1,1495.8941906685002,1495.88769,1496.89231,138300.0,4+6
334,AB-02-007,3,35,Di29,TriT,4,6,Na1,1,1517.8761349175002,1517.87112,1518.87465,1708000.0,4+6
335,AB-02-007,3,36,Di30,TriT,4,6,Na2,2,647.2441494293,647.24204,647.72771,4042000.0,4+6
336,AB-02-007,3,36,Di30,TriT,4,6,Na1,1,1271.4985295777,1271.49414,1272.49849,2768000.0,4+6
337,AB-02-007,3,37,Di31,TriT,4,6,Na1,1,1463.5290395777001,1463.52298,1464.52698,654300.0,4+6
338,AB-02-007,3,41,Di27,TriU,2,3,H2,2,619.2987481803001,619.30209,619.79901,221500.0,2+3
339,AB-02-007,3,42,Di28,TriU,2,3,H1,1,1255.7305219029001,1255.72953,1256.73345,677600.0,2+3
340,AB-02-007,3,44,Di30,TriU,2,3,H2,2,571.2911206803,571.28928,571.79083,2497000.0,2+3
341,AB-02-007,3,44,Di30,TriU,2,3,Na2,2,593.2730649293,593.27637,593.7742,296000.0,2+3
342,AB-02-007,3,44,Di30,TriU,2,3,H1,1,1141.5744163287,1141.5708,1142.57435,9051000.0,2+3
343,AB-02-007,3,44,Di30,TriU,2,3,Na1,1,1163.5563605777,1163.55369,1164.55678,574800.0,2+3
344,AB-02-007,3,44,Di30,TriU,4,6,Na2,2,1163.5563605777,1163.55369,1164.05362,574800.0,4+6
345,AB-02-007,3,44,Di30,TriU,2,3,K1,1,1179.5302979768,1179.53101,1180.54024,66610.0,2+3
346,AB-02-007,3,45,Di31,TriU,2,3,H2,2,619.2987481803001,619.29903,619.79858,1861000.0,2+3
347,AB-02-007,3,45,Di31,TriU,2,3,H1,1,1237.5896713287002,1237.58618,1238.58926,2812000.0,2+3
348,AB-02-007,3,45,Di31,TriU,4,6,H2,2,1237.5896713287002,1237.58618,1238.08789,2812000.0,4+6
349,AB-02-007,3,45,Di31,TriU,2,3,Na1,1,1259.5716155777002,1259.5674,1260.57226,153600.0,2+3
350,AB-02-007,3,45,Di31,TriU,4,6,Na2,2,1259.5716155777002,1259.5674,1260.06746,153600.0,4+6
351,AB-02-007,3,45,Di31,TriU,4,6,H1,1,2474.1715176255007,2474.16842,2475.16445,16510.0,4+6
352,AB-02-007,3,46,Di32,TriU,2,3,H2,2,550.2676455846,550.26845,550.76871,544700.0,2+3
353,AB-02-007,3,46,Di32,TriU,2,3,H1,1,1099.5274661373,1099.5246,1100.52717,1263000.0,2+3
354,AB-02-007,4,1,Di27,TriG,2,3,H2,2,313.1578976061,313.15613,313.6518,122300.0,2+3
355,AB-02-007,4,1,Di27,TriG,2,3,H1,1,625.3079701803,625.30966,626.31265,198500.0,2+3
356,AB-02-007,4,1,Di27,TriG,4,6,H2,2,625.3079701803,625.30966,625.80955,198500.0,4+6
357,AB-02-007,4,1,Di27,TriG,2,3,H4N1,1,642.334519276,642.33078,643.32081,72130.0,2+3
358,AB-02-007,4,3,Di29,TriG,2,3,H2,2,326.74467144104995,326.74529,327.24702,3526000.0,2+3
359,AB-02-007,4,3,Di29,TriG,2,3,H1,1,652.4815178501999,652.48785,653.48695,28700000.0,2+3
360,AB-02-007,4,3,Di29,TriG,2,3,Na1,1,674.4634620991999,674.46564,675.46889,1524000.0,2+3
361,AB-02-007,4,3,Di29,TriG,2,3,K1,1,690.4373994982999,690.44087,691.44508,92860.0,2+3
362,AB-02-007,4,4,Di30,TriG,2,3,H2,2,265.1502701061,265.15125,265.65243,1112000.0,2+3
363,AB-02-007,4,4,Di30,TriG,2,3,H1,1,529.2927151803,529.29568,530.29735,25850000.0,2+3
364,AB-02-007,4,4,Di30,TriG,2,3,Na1,1,551.2746594293,551.27627,552.27937,5742000.0,2+3
365,AB-02-007,4,4,Di30,TriG,2,3,K1,1,567.2485968284,567.25007,568.25325,459500.0,2+3
366,AB-02-007,4,4,Di30,TriG,4,6,H1,1,1057.5776053287,1057.58016,1058.58277,5054000.0,4+6
367,AB-02-007,4,4,Di30,TriG,4,6,Na1,1,1079.5595495777,1079.56082,1080.56425,113300.0,4+6
368,AB-02-007,4,5,Di31,TriG,2,3,H2,2,313.1578976061,313.15714,313.65914,1003000.0,2+3
369,AB-02-007,4,5,Di31,TriG,2,3,H1,1,625.3079701803,625.30932,626.31238,11040000.0,2+3
370,AB-02-007,4,5,Di31,TriG,2,3,Na1,1,647.2899144293,647.2916,648.29445,680400.0,2+3
371,AB-02-007,4,5,Di31,TriG,2,3,K1,1,663.2638518284,663.26542,664.27021,196100.0,2+3
372,AB-02-007,4,5,Di31,TriG,4,6,H1,1,1249.6081153287,1249.61034,1250.61365,4092000.0,4+6
373,AB-02-007,4,12,Di30,TriH,2,3,H2,2,493.24417048890007,493.24506,493.74747,1753000.0,2+3
374,AB-02-007,4,12,Di30,TriH,2,3,Na2,2,515.2261147379,515.22689,515.7291,151900.0,2+3
375,AB-02-007,4,12,Di30,TriH,2,3,H1,1,985.4805159459002,985.48296,986.48601,8005000.0,2+3
376,AB-02-007,4,12,Di30,TriH,2,3,Na1,1,1007.4624601949001,1007.46492,1008.4681,1268000.0,2+3
377,AB-02-007,4,12,Di30,TriH,4,6,Na2,2,1007.4624601949001,1007.46492,1007.96539,1268000.0,4+6
378,AB-02-007,4,12,Di30,TriH,6,9,Na2,2,1499.6988056519,1499.70024,1500.2017,49210.0,6+9
379,AB-02-007,4,12,Di30,TriH,4,6,H1,1,1969.9532068599003,1969.95314,1970.95831,117900.0,4+6
380,AB-02-007,4,12,Di30,TriH,4,6,Na1,1,1991.9351511089003,1991.9392,1992.94262,301000.0,4+6
381,AB-02-007,4,13,Di31,TriH,2,3,H1,1,1081.4957709459,1081.50116,1082.50407,269400.0,2+3
382,AB-02-007,4,17,Di27,TriI,4,6,H2,2,657.2978001803001,657.29999,657.80091,1164000.0,4+6
383,AB-02-007,4,17,Di27,TriI,4,6,H1,1,1313.5877753287002,1313.59081,1314.58852,42660.0,4+6
384,AB-02-007,4,18,Di28,TriI,4,6,H2,2,675.4386507545,675.43993,675.94128,4425000.0,4+6
385,AB-02-007,4,18,Di28,TriI,4,6,Na2,2,697.4205950035,697.42439,697.92335,145400.0,4+6
386,AB-02-007,4,18,Di28,TriI,4,6,H1,1,1349.8694764771,1349.87342,1350.87658,11580000.0,4+6
387,AB-02-007,4,18,Di28,TriI,4,6,Na1,1,1371.8514207261,1371.8556,1372.85805,96500.0,4+6
388,AB-02-007,4,19,Di29,TriI,2,3,H2,2,342.73958644105,342.74073,343.237,1005000.0,2+3
389,AB-02-007,4,19,Di29,TriI,2,3,H1,1,684.4713478502,684.47641,685.47659,27290000.0,2+3
390,AB-02-007,4,19,Di29,TriI,2,3,Na1,1,706.4532920992,706.45495,707.45878,763100.0,2+3
391,AB-02-007,4,20,Di30,TriI,2,3,H2,2,281.14518510610003,281.14587,281.64772,2394000.0,2+3
392,AB-02-007,4,20,Di30,TriI,2,3,Na1,1,583.2644894293,583.2656,584.26925,5004000.0,2+3
393,AB-02-007,4,20,Di30,TriI,4,6,Na1,1,1143.5392095777001,1143.54206,1144.54516,1348000.0,4+6
394,AB-02-007,4,21,Di31,TriI,2,3,H2,2,329.15281260610004,329.15374,329.65545,2366000.0,2+3
395,AB-02-007,4,21,Di31,TriI,2,3,H1,1,657.2978001803001,657.30167,658.30344,25970000.0,2+3
396,AB-02-007,4,21,Di31,TriI,2,3,Na1,1,679.2797444293001,679.28128,680.28428,651000.0,2+3
397,AB-02-007,4,21,Di31,TriI,4,6,H1,1,1313.5877753287002,1313.58873,1314.59224,56870.0,4+6
398,AB-02-007,4,21,Di31,TriI,4,6,Na1,1,1335.5697195777002,1335.57183,1336.57522,322900.0,4+6
399,AB-02-007,4,22,Di32,TriI,2,3,H2,2,260.1217100104,260.12284,260.62362,161300.0,2+3
400,AB-02-007,4,22,Di32,TriI,2,3,H1,1,519.2355949889001,519.23812,520.24028,22000000.0,2+3
401,AB-02-007,4,22,Di32,TriI,2,3,Na1,1,541.2175392379,541.21915,542.22257,2310000.0,2+3
402,AB-02-007,4,22,Di32,TriI,4,6,Na1,1,1059.4453091949001,1059.4482,1060.44995,66960.0,4+6
403,AB-02-007,4,29,Di31,TriJ,2,3,H2,2,480.2313968932,480.23219,480.73392,4590000.0,2+3
404,AB-02-007,4,29,Di31,TriJ,2,3,H1,1,959.4549687545,959.45732,960.46056,9635000.0,2+3
405,AB-02-007,4,29,Di31,TriJ,4,6,H2,2,959.4549687545,959.45732,959.95882,9635000.0,4+6
406,AB-02-007,4,29,Di31,TriJ,2,3,Na1,1,981.4369130035,981.43887,982.44213,390700.0,2+3
407,AB-02-007,4,29,Di31,TriJ,2,3,K1,1,997.4108504026,997.41269,998.41582,20070.0,2+3
408,AB-02-007,4,29,Di31,TriJ,6,9,H2,2,1438.6785406158,1438.67892,1439.18078,22000.0,6+9
409,AB-02-007,4,29,Di31,TriJ,4,6,H1,1,1917.9021124771,1917.90705,1918.90995,1405000.0,4+6
410,AB-02-007,4,29,Di31,TriJ,4,6,Na1,1,1939.8840567261,1939.88685,1940.88985,68260.0,4+6
411,AB-02-007,4,30,Di32,TriJ,2,3,H2,2,411.2002942975,411.202,411.7032,735400.0,2+3
412,AB-02-007,4,30,Di32,TriJ,2,3,H1,1,821.3927635631001,821.39453,822.39804,8849000.0,2+3
413,AB-02-007,4,30,Di32,TriJ,2,3,Na1,1,843.3747078121,843.37716,844.37971,213900.0,2+3
414,AB-02-007,4,30,Di32,TriJ,4,6,Na1,1,1663.7596463433001,1663.75571,1664.76053,19040.0,4+6
415,AB-02-007,4,35,Di29,TriK,2,3,H2,2,557.8243187281499,557.82558,558.32725,1490000.0,2+3
416,AB-02-007,4,35,Di29,TriK,2,3,Na2,2,579.8062629771499,579.8096,580.31441,16620.0,2+3
417,AB-02-007,4,35,Di29,TriK,2,3,H1,1,1114.6408124243999,1114.64341,1115.64614,3348000.0,2+3
418,AB-02-007,4,35,Di29,TriK,4,6,H2,2,1114.6408124243999,1114.64341,1115.14453,3348000.0,4+6
419,AB-02-007,4,35,Di29,TriK,2,3,Na1,1,1136.6227566733999,1136.62558,1137.62749,102900.0,2+3
420,AB-02-007,4,35,Di29,TriK,4,6,H1,1,2228.2737998169,2228.27331,2229.27783,42320.0,4+6
421,AB-02-007,4,35,Di29,TriK,4,6,Na1,1,2250.2557440658998,2250.25579,2251.26049,12140.0,4+6
422,AB-02-007,4,36,Di30,TriK,2,3,H2,2,496.2299173932,496.23128,496.73301,1249000.0,2+3
423,AB-02-007,4,36,Di30,TriK,2,3,Na2,2,518.2118616422,518.21513,518.7154,25550.0,2+3
424,AB-02-007,4,36,Di30,TriK,2,3,H1,1,991.4520097545001,991.45431,992.45721,3182000.0,2+3
425,AB-02-007,4,36,Di30,TriK,2,3,Na1,1,1013.4339540035,1013.43544,1014.43828,404700.0,2+3
426,AB-02-007,4,36,Di30,TriK,4,6,Na2,2,1013.4339540035,1013.43544,1013.93795,404700.0,4+6
427,AB-02-007,4,36,Di30,TriK,4,6,H1,1,1981.8961944771002,1981.89776,1982.90124,150300.0,4+6
428,AB-02-007,4,36,Di30,TriK,4,6,Na1,1,2003.8781387261001,2003.88012,2004.88349,204500.0,4+6
429,AB-02-007,4,37,Di31,TriK,2,3,H2,2,544.2375448931999,544.23813,544.73995,137100.0,2+3
430,AB-02-007,4,37,Di31,TriK,4,6,H2,2,1087.4672647544999,1087.4685,1087.96908,772600.0,4+6
431,AB-02-007,4,37,Di31,TriK,4,6,Na2,2,1109.4492090034998,1109.45044,1109.95089,42210.0,4+6
432,AB-02-007,4,37,Di31,TriK,6,9,H2,2,1630.6969846158,1630.69619,1631.19717,15770.0,6+9
433,AB-02-007,4,37,Di31,TriK,4,6,H1,1,2173.9267044771,2173.92808,2174.93247,224000.0,4+6
434,AB-02-007,4,37,Di31,TriK,8,12,H2,2,2173.9267044771,2173.92808,2174.43069,224000.0,8+12
435,AB-02-007,4,37,Di31,TriK,4,6,Na1,1,2195.9086487260997,2195.91024,2196.91213,22340.0,4+6
436,AB-02-007,4,38,Di32,TriK,2,3,H2,2,475.20644229749996,475.20794,475.70871,227300.0,2+3
437,AB-02-007,4,38,Di32,TriK,2,3,H1,1,949.4050595630999,949.40683,950.40914,732200.0,2+3
438,AB-02-007,4,38,Di32,TriK,2,3,Na1,1,971.3870038120999,971.38778,972.39189,57040.0,2+3
439,AB-02-007,4,41,Di27,TriR,2,3,H1,1,1261.5591613287002,1261.56227,1262.56551,1073000.0,2+3
440,AB-02-007,4,42,Di28,TriR,2,3,H2,2,640.3539184674,640.35545,640.85674,788400.0,2+3
441,AB-02-007,4,42,Di28,TriR,2,3,H1,1,1279.7000119029,1279.70255,1280.70589,4308000.0,2+3
442,AB-02-007,4,43,Di29,TriR,2,3,H2,2,644.87026701525,644.8708,645.37199,3714000.0,2+3
443,AB-02-007,4,43,Di29,TriR,2,3,H1,1,1288.7327089986,1288.73462,1289.73769,5561000.0,2+3
444,AB-02-007,4,43,Di29,TriR,4,6,H2,2,1288.7327089986,1288.73462,1289.21552,5561000.0,4+6
445,AB-02-007,4,43,Di29,TriR,2,3,Na1,1,1310.7146532476,1310.71495,1311.71824,164300.0,2+3
446,AB-02-007,4,45,Di31,TriR,2,3,H2,2,631.2834931803001,631.28639,631.78645,275300.0,2+3
447,AB-02-007,4,45,Di31,TriR,2,3,H1,1,1261.5591613287002,1261.56195,1262.56562,1424000.0,2+3
448,AB-02-007,4,45,Di31,TriR,2,3,Na1,1,1283.5411055777001,1283.5418,1284.54609,68260.0,2+3
449,AB-02-007,4,46,Di32,TriR,2,3,H2,2,562.2523905846,562.25474,562.7549,31790.0,2+3
450,AB-02-007,4,46,Di32,TriR,2,3,H1,1,1123.4969561373,1123.4974,1124.50194,100100.0,2+3
451,AB-02-007,4,46,Di32,TriR,2,3,Na1,1,1145.4789003863,1145.48002,1146.48337,91250.0,2+3
452,AB-02-007,4,48,Di34,TriR,2,3,H2,2,598.306968276,598.30338,598.80986,81770.0,2+3
453,AB-02-007,4,48,Di34,TriR,2,3,H1,1,1195.6061115201,1195.60786,1196.61128,254200.0,2+3
454,AB-02-009,1,5,Di29,TriL,2,3,H2,2,626.83857182385,626.84446,627.3462,515100.0,2+3
455,AB-02-009,1,5,Di29,TriL,2,3,H1,1,1252.6693186158,1252.66864,1253.67246,142300.0,2+3
456,AB-02-009,1,6,Di30,TriL,2,3,H2,2,565.2441704889001,565.24708,565.74928,5498000.0,2+3
457,AB-02-009,1,6,Di30,TriL,2,3,H1,1,1129.4805159459002,1129.48391,1130.48744,6880000.0,2+3
458,AB-02-009,1,6,Di30,TriL,2,3,Na1,1,1151.4624601949001,1151.46561,1152.46935,446100.0,2+3
459,AB-02-009,1,6,Di30,TriL,4,6,Na2,2,1151.4624601949001,1151.46561,1151.96569,446100.0,4+6
460,AB-02-009,1,6,Di30,TriL,6,9,H2,2,1693.7168614029001,1693.71426,1694.21772,33550.0,6+9
461,AB-02-009,1,6,Di30,TriL,6,9,Na2,2,1715.6988056519,1715.69953,1716.20188,45250.0,6+9
462,AB-02-009,1,6,Di30,TriL,4,6,H1,1,2257.9532068599005,2257.95081,2258.95188,42940.0,4+6
463,AB-02-009,1,6,Di30,TriL,4,6,Na1,1,2279.9351511089003,2279.92995,2280.93712,44110.0,4+6
464,AB-02-009,1,7,Di31,TriL,2,3,H1,1,1225.4957709459,1225.50134,1226.50864,228500.0,2+3
465,AB-02-009,1,9,Di25,TriM,2,3,H2,2,659.95594730235,659.96147,660.46341,1065000.0,2+3
466,AB-02-009,1,9,Di25,TriM,2,3,H1,1,1318.9040695728,1318.90618,1319.90961,2866000.0,2+3
467,AB-02-009,1,10,Di26,TriM,2,3,H1,1,1021.5896713287,1021.59321,1022.59675,3125000.0,2+3
468,AB-02-009,1,11,Di27,TriM,2,3,H1,1,1081.4957709459,1081.49922,1082.5026,725000.0,2+3
469,AB-02-009,1,12,Di28,TriM,2,3,H2,2,550.322223276,550.32768,550.82898,1221000.0,2+3
470,AB-02-009,1,12,Di28,TriM,2,3,H1,1,1099.6366215201,1099.64068,1100.64364,8318000.0,2+3
471,AB-02-009,1,13,Di29,TriM,4,6,H1,1,2216.3308121997,2216.32601,2217.33316,47800.0,4+6
472,AB-02-009,1,14,Di30,TriM,2,3,H2,2,493.24417048890007,493.24645,493.74819,4385000.0,2+3
473,AB-02-009,1,14,Di30,TriM,2,3,H1,1,985.4805159459002,985.48553,986.49229,13680000.0,2+3
474,AB-02-009,1,14,Di30,TriM,2,3,Na1,1,1007.4624601949001,1007.46598,1008.46916,2449000.0,2+3
475,AB-02-009,1,14,Di30,TriM,2,3,K1,1,1023.4363975940001,1023.43986,1024.44258,767500.0,2+3
476,AB-02-009,1,14,Di30,TriM,4,6,H1,1,1969.9532068599003,1969.95164,1970.95597,266500.0,4+6
477,AB-02-009,1,14,Di30,TriM,4,6,Na1,1,1991.9351511089003,1991.93608,1992.93621,120500.0,4+6
478,AB-02-009,1,15,Di31,TriM,2,3,H1,1,1081.4957709459,1081.49932,1082.50287,742400.0,2+3
479,AB-02-009,1,15,Di31,TriM,2,3,Na1,1,1103.4777151949,1103.48246,1104.48448,216700.0,2+3
480,AB-02-009,1,15,Di31,TriM,2,3,K1,1,1119.451652594,1119.45445,1120.45955,210500.0,2+3
481,AB-02-009,1,16,Di32,TriM,2,3,H1,1,943.4335657545,943.43803,944.4404,5661000.0,2+3
482,AB-02-009,1,16,Di32,TriM,2,3,Na1,1,965.4155100035,965.42327,966.42319,3601000.0,2+3
483,AB-02-009,1,17,Di25,TriN,2,3,H2,2,659.95594730235,659.95957,660.46171,2736000.0,2+3
484,AB-02-009,1,17,Di25,TriN,2,3,H1,1,1318.9040695728,1318.90561,1319.90907,4278000.0,2+3
485,AB-02-009,1,17,Di25,TriN,2,3,Na1,1,1340.8860138218,1340.88528,1341.88843,236900.0,2+3
486,AB-02-009,1,18,Di26,TriN,4,6,H1,1,2042.1715176255,2042.16829,2043.17268,66560.0,4+6
487,AB-02-009,1,19,Di27,TriN,2,3,H2,2,541.2517979889,541.25559,541.75774,1212000.0,2+3
488,AB-02-009,1,19,Di27,TriN,2,3,H1,1,1081.4957709459,1081.49872,1082.50208,6788000.0,2+3
489,AB-02-009,1,19,Di27,TriN,2,3,Na1,1,1103.4777151949,1103.4807,1104.48311,537200.0,2+3
490,AB-02-009,1,19,Di27,TriN,2,3,K1,1,1119.451652594,1119.45997,1120.45798,28560.0,2+3
491,AB-02-009,1,19,Di27,TriN,4,6,H1,1,2161.9837168599,2161.97929,2162.98438,57520.0,4+6
492,AB-02-009,1,19,Di27,TriN,4,6,Na1,1,2183.9656611089,2183.97451,2184.97021,13990.0,4+6
493,AB-02-009,1,20,Di28,TriN,2,3,H1,1,1099.6366215201,1099.63859,1100.64135,958500.0,2+3
494,AB-02-009,1,20,Di28,TriN,2,3,Na1,1,1121.6185657691,1121.62016,1122.62371,1229000.0,2+3
495,AB-02-009,1,20,Di28,TriN,2,3,K1,1,1137.5925031682002,1137.59836,1138.60002,35890.0,2+3
496,AB-02-009,1,21,Di29,TriN,2,3,H2,2,554.83857182385,554.84235,555.34359,7766000.0,2+3
497,AB-02-009,1,21,Di29,TriN,2,3,Na2,2,576.82051607285,576.82602,577.33818,272400.0,2+3
498,AB-02-009,1,21,Di29,TriN,2,3,H1,1,1108.6693186158,1108.6711,1109.67862,7692000.0,2+3
499,AB-02-009,1,21,Di29,TriN,2,3,Na1,1,1130.6512628648,1130.65347,1131.65619,1608000.0,2+3
500,AB-02-009,1,21,Di29,TriN,6,9,H2,2,1662.50006540775,1662.49584,1662.99864,37040.0,6+9
501,AB-02-009,1,21,Di29,TriN,4,6,H1,1,2216.3308121997,2216.32669,2217.33203,143200.0,4+6
502,AB-02-009,1,22,Di30,TriN,2,3,H2,2,493.24417048890007,493.24629,493.74804,3839000.0,2+3
503,AB-02-009,1,22,Di30,TriN,2,3,Na2,2,515.2261147379,515.23072,515.73258,693100.0,2+3
504,AB-02-009,1,22,Di30,TriN,2,3,H1,1,985.4805159459002,985.4855,986.4877,9811000.0,2+3
505,AB-02-009,1,22,Di30,TriN,2,3,Na1,1,1007.4624601949001,1007.46519,1008.46845,6646000.0,2+3
506,AB-02-009,1,22,Di30,TriN,4,6,H1,1,1969.9532068599003,1969.9498,1970.95194,19980.0,4+6
507,AB-02-009,1,23,Di31,TriN,2,3,H1,1,1081.4957709459,1081.49883,1082.50187,1630000.0,2+3
508,AB-02-009,1,23,Di31,TriN,2,3,Na1,1,1103.4777151949,1103.47923,1104.48254,189400.0,2+3
509,AB-02-009,1,24,Di32,TriN,2,3,H2,2,472.2206953932,472.22232,472.72413,4280000.0,2+3
510,AB-02-009,1,24,Di32,TriN,2,3,H1,1,943.4335657545,943.43613,944.43904,7165000.0,2+3
511,AB-02-009,1,24,Di32,TriN,2,3,Na1,1,965.4155100035,965.41782,966.42116,6669000.0,2+3
512,AB-02-009,1,24,Di32,TriN,4,6,H1,1,1885.8593064771,1885.85301,1886.85753,107600.0,4+6
513,AB-02-009,1,24,Di32,TriN,4,6,Na1,1,1907.8412507261,1907.83583,1908.83934,48430.0,4+6
514,AB-02-009,1,26,Di26,TriO,2,3,H1,1,1057.3281953259,1057.32131,1058.32548,166500.0,2+3
515,AB-02-009,1,33,Di25,TriP,2,3,H2,2,629.89374211095,629.89955,630.38893,69500.0,2+3
516,AB-02-009,1,33,Di25,TriP,2,3,H1,1,1258.77965919,1258.78018,1259.78357,347600.0,2+3
517,AB-02-009,1,34,Di26,TriP,2,3,H1,1,961.4652609458999,961.46858,962.47243,3687000.0,2+3
518,AB-02-009,1,35,Di27,TriP,2,3,H1,1,1021.3713605631001,1021.37523,1022.38023,4047000.0,2+3
519,AB-02-009,1,37,Di29,TriP,2,3,H1,1,1048.544908233,1048.5474,1049.55074,6977000.0,2+3
520,AB-02-009,1,37,Di29,TriP,2,3,Na1,1,1070.5268524819999,1070.53243,1071.53693,313900.0,2+3
521,AB-02-009,1,38,Di30,TriP,2,3,H1,1,925.3561055630998,925.36018,926.36317,6252000.0,2+3
522,AB-02-009,1,38,Di30,TriP,2,3,Na1,1,947.3380498120998,947.34554,948.35016,982200.0,2+3
523,AB-02-009,1,38,Di30,TriP,2,3,K1,1,963.3119872111998,963.31573,964.31897,375400.0,2+3
524,AB-02-009,1,39,Di31,TriP,2,3,H1,1,1021.3713605631001,1021.37469,1022.38305,645800.0,2+3
525,AB-02-009,1,39,Di31,TriP,2,3,Na1,1,1043.3533048121,1043.35801,1044.36208,223200.0,2+3
526,AB-02-009,1,39,Di31,TriP,2,3,K1,1,1059.3272422112002,1059.33275,1060.33351,45860.0,2+3
527,AB-02-009,1,40,Di32,TriP,2,3,H1,1,883.3091553717,883.3122,884.31573,941700.0,2+3
528,AB-02-009,1,40,Di32,TriP,2,3,Na1,1,905.2910996206999,905.29408,906.29776,4299000.0,2+3
529,AB-02-009,1,40,Di32,TriP,2,3,K1,1,921.2650370197999,921.26955,922.27215,626800.0,2+3
530,AB-02-009,1,41,Di25,TriQ,2,3,H2,2,738.0028974937501,738.00854,738.50985,657500.0,2+3
531,AB-02-009,1,41,Di25,TriQ,2,3,H1,1,1474.9979699556002,1474.99742,1476.00112,243200.0,2+3
532,AB-02-009,1,42,Di26,TriQ,2,3,H1,1,1177.6835717115,1177.67851,1178.68255,217500.0,2+3
533,AB-02-009,1,45,Di29,TriQ,2,3,H2,2,632.88552201525,632.88856,633.39018,3533000.0,2+3
534,AB-02-009,1,45,Di29,TriQ,2,3,H1,1,1264.7632189986,1264.76352,1265.76679,3191000.0,2+3
535,AB-02-009,1,45,Di29,TriQ,2,3,Na1,1,1286.7451632476,1286.74133,1287.74706,73580.0,2+3
536,AB-02-009,1,46,Di30,TriQ,2,3,H2,2,571.2911206803,571.29316,571.79578,2944000.0,2+3
537,AB-02-009,1,46,Di30,TriQ,2,3,H1,1,1141.5744163287,1141.57561,1142.57955,2704000.0,2+3
538,AB-02-009,1,46,Di30,TriQ,2,3,Na1,1,1163.5563605777,1163.55862,1164.55963,209200.0,2+3
539,AB-02-009,1,46,Di30,TriQ,4,6,Na2,2,1163.5563605777,1163.55862,1164.0711,209200.0,4+6
540,AB-02-009,2,18,Di34,TriN,2,3,H1,1,1015.5427211373001,1015.54603,1016.54919,156600.0,2+3
